TF-IDF Weight,Word2Vec Weight,BiLSTM Weight,Transformer Weight,Accuracy,Macro Precision,Macro Recall,Macro F1
0.8,0.05,0.1,0.05,0.7188025563403969,0.6915430505015001,0.6881287919074842,0.6896040308817303
0.75,0.1,0.1,0.05,0.7184661957618567,0.6902884064338843,0.6871818222105145,0.6884881019658292
0.8,0.1,0.05,0.05,0.7184661957618567,0.6888028698891365,0.6883117031548175,0.6882740082191003
0.7,0.1,0.15,0.05,0.7181298351833165,0.691002933574919,0.6855226102057526,0.6879943739710517
0.75,0.05,0.1,0.1,0.7167843928691557,0.6915817510284064,0.6843778478113244,0.6875374859428371
0.6,0.1,0.2,0.1,0.7167843928691557,0.6941116791525588,0.682275698367657,0.6874768055051353
0.6,0.05,0.2,0.15,0.7157753111335351,0.6964282414993068,0.6805858781357345,0.6874041704743015
0.4,0.1,0.2,0.3,0.713757147662294,0.7020930801941341,0.6766303998943518,0.6868141123409175
0.75,0.15,0.05,0.05,0.7174571140262361,0.6866268378899825,0.6869416136836889,0.6864987272192344
0.85,0.05,0.05,0.05,0.7161116717120753,0.6864458645986435,0.6865821677313015,0.6862965082168768
0.75,0.05,0.15,0.05,0.7157753111335351,0.6887421288810291,0.6843552496467036,0.6862530517615315
0.7,0.05,0.1,0.15,0.7157753111335351,0.6919255111668902,0.6817503365597473,0.6861811758093843
0.7,0.05,0.15,0.1,0.7157753111335351,0.6907972206929154,0.6821336910645921,0.6859518843297268
0.6,0.05,0.15,0.2,0.713757147662294,0.696019458525597,0.6784940244091748,0.6858262185240015
0.55,0.1,0.2,0.15,0.715438950554995,0.694797599460454,0.6789690819603397,0.6857327735828916
0.45,0.05,0.2,0.3,0.7124117053481333,0.7003442613401489,0.6755760003740269,0.6855197438226421
0.7,0.15,0.1,0.05,0.7164480322906155,0.6864443970671292,0.6847147456768117,0.6853714653643321
0.5,0.05,0.2,0.25,0.7134207870837538,0.6978842114291424,0.6765959941275242,0.6853269338514316
0.65,0.15,0.15,0.05,0.7164480322906155,0.6882297672595901,0.6827359245464173,0.6851705849867231
0.55,0.1,0.15,0.2,0.713757147662294,0.695268555029599,0.6778414866706045,0.685139259459059
0.6,0.2,0.15,0.05,0.7161116717120753,0.6882908051477005,0.682543612986607,0.6851081567979613
0.55,0.05,0.2,0.2,0.7127480659266734,0.6954101699507799,0.6772182169869783,0.6849143278210164
0.45,0.05,0.25,0.25,0.7124117053481333,0.6989612391213589,0.6752219854815671,0.6848901177440117
0.3,0.25,0.2,0.25,0.7134207870837538,0.6972210136477521,0.6762286096700383,0.6848207973701751
0.4,0.1,0.25,0.25,0.712075344769593,0.698343111805858,0.675089378490979,0.6846046048255121
0.45,0.1,0.15,0.3,0.7127480659266734,0.6979376804375765,0.6756489027953928,0.6845723473775374
0.7,0.1,0.1,0.1,0.715438950554995,0.6879033479087153,0.6818777557607312,0.6845501536121156
0.5,0.1,0.2,0.2,0.7124117053481333,0.6948682182925282,0.6769740392076034,0.6845034877594784
0.65,0.05,0.15,0.15,0.7134207870837538,0.6920708910641551,0.6786136052605015,0.6844627330030434
0.35,0.2,0.2,0.25,0.7130844265052136,0.696867861260548,0.6758571844025618,0.6844412629444665
0.3,0.2,0.2,0.3,0.7134207870837538,0.6986256431424245,0.6749326912350513,0.6844186711803097
0.35,0.15,0.25,0.25,0.713757147662294,0.6981618314406436,0.6750270949191449,0.6844094163887339
0.65,0.05,0.2,0.1,0.7134207870837538,0.6903543876324456,0.6796110008493781,0.6843542834135078
0.5,0.05,0.15,0.3,0.712075344769593,0.6980972249478568,0.6750639580534226,0.684270055107892
0.55,0.2,0.2,0.05,0.7151025899764547,0.6878840277052123,0.6809771210679574,0.6840585656203102
0.7,0.2,0.05,0.05,0.7151025899764547,0.6837635202582826,0.6848711395846953,0.6840482423998058
0.6,0.15,0.1,0.15,0.7140935082408342,0.6896645020435865,0.6797434361270838,0.6839901455100814
0.6,0.15,0.15,0.1,0.7140935082408342,0.6895880102799543,0.679466414543701,0.6839201697414893
0.7,0.15,0.05,0.1,0.7140935082408342,0.6857669444396935,0.682549989528886,0.6838239149181438
0.45,0.1,0.2,0.25,0.7114026236125126,0.6964516263148157,0.6749220723855194,0.6837658349980738
0.55,0.15,0.2,0.1,0.7144298688193743,0.6899950691723435,0.6788443633971296,0.6837119207196268
0.7,0.05,0.05,0.2,0.712075344769593,0.6901297598737333,0.6790760670161088,0.6836335494060823
0.8,0.05,0.05,0.1,0.712075344769593,0.6862652638760393,0.6815073976107676,0.6835318949708984
0.6,0.05,0.1,0.25,0.712075344769593,0.6937429911382067,0.6765520664130581,0.6835260031862971
0.6,0.1,0.15,0.15,0.7130844265052136,0.6902867501160981,0.6783270116517593,0.6834806905259385
0.6,0.1,0.1,0.2,0.7117389841910529,0.6927279156806474,0.6767988947524863,0.6834661519731904
0.5,0.15,0.2,0.15,0.7130844265052136,0.6920613530104643,0.6770046474347639,0.6834335529699517
0.65,0.2,0.1,0.05,0.7134207870837538,0.684337870679134,0.6828815278918867,0.6833678768082574
0.65,0.1,0.15,0.1,0.7140935082408342,0.6882376503278144,0.6793855020597953,0.6832693205098921
0.6,0.15,0.2,0.05,0.7144298688193743,0.6866941835960914,0.6804942967245764,0.6832565358020399
0.55,0.25,0.15,0.05,0.715438950554995,0.685803590669382,0.6811867213676224,0.6832002206007527
0.45,0.15,0.2,0.2,0.7124117053481333,0.6939450786736746,0.6754859308479679,0.6831972454502265
0.25,0.25,0.2,0.3,0.7124117053481333,0.6974870268215564,0.6736223063331448,0.683191128094274
0.5,0.1,0.15,0.25,0.712075344769593,0.6945366466313387,0.6753239842449946,0.6831766040652123
0.4,0.15,0.15,0.3,0.7110662630339725,0.6968189468456634,0.6741539230481718,0.6831606703843944
0.65,0.1,0.1,0.15,0.7127480659266734,0.6881950776996415,0.6792433731215684,0.6831151303337437
0.3,0.2,0.25,0.25,0.7117389841910529,0.6971234655409602,0.6734765014904129,0.6830127637177228
0.65,0.1,0.05,0.2,0.7110662630339725,0.6893999947591245,0.6783373073688669,0.6829623768383536
0.5,0.25,0.2,0.05,0.7140935082408342,0.6863112529003019,0.6802383614207155,0.6829570756706052
0.5,0.05,0.25,0.2,0.7110662630339725,0.6946934434372176,0.6745297325514037,0.6829491855122269
0.35,0.3,0.15,0.2,0.7127480659266734,0.6927297368015886,0.6759170606846665,0.6829482271810798
0.35,0.15,0.2,0.3,0.7107299024554322,0.697049674718617,0.6734669795427741,0.6829474638976796
0.5,0.15,0.15,0.2,0.7114026236125126,0.6921169397511517,0.6760176691981566,0.6827967453802739
0.4,0.05,0.2,0.35,0.7097208207198117,0.6994950601909519,0.6718675221849548,0.6827657907210531
0.65,0.1,0.2,0.05,0.7134207870837538,0.68655390810649,0.6797555370773345,0.68275721834705
0.65,0.05,0.05,0.25,0.7103935418768921,0.6929380402114766,0.67586753019739,0.6827524317369407
0.4,0.2,0.2,0.2,0.7117389841910529,0.693519620204462,0.6749818985899034,0.682708230662197
0.4,0.15,0.2,0.25,0.7107299024554322,0.6944311624841479,0.674460455956822,0.6826778830287952
0.5,0.25,0.15,0.1,0.713757147662294,0.6879918036080341,0.6784597402775092,0.6825935839423344
0.3,0.15,0.2,0.35,0.7107299024554322,0.6989759023810973,0.6719403745286,0.6825616221667933
0.55,0.05,0.25,0.15,0.7110662630339725,0.6922875784219013,0.6752419748591959,0.6825339488825544
0.6,0.15,0.05,0.2,0.712075344769593,0.6892464489965695,0.6776476632256954,0.6824983334627015
0.6,0.05,0.25,0.1,0.7114026236125126,0.6890923479315895,0.6772845413688029,0.6824934652521863
0.55,0.05,0.15,0.25,0.7100571812983518,0.6938645991219314,0.6745029218639098,0.6824676848381617
0.65,0.05,0.1,0.2,0.7114026236125126,0.6908330665090083,0.6764235503101812,0.6824661398063627
0.75,0.05,0.05,0.15,0.712075344769593,0.6866114215208584,0.6793706706873905,0.6824046620791823
0.5,0.2,0.15,0.15,0.7124117053481333,0.6902684477663537,0.6765179039165543,0.682395178467192
0.65,0.15,0.1,0.1,0.713757147662294,0.6856601147777261,0.6797223999252826,0.6823523394696769
0.75,0.1,0.05,0.1,0.712075344769593,0.6844274100174857,0.680876067786881,0.6823178500182788
0.4,0.05,0.25,0.3,0.7100571812983518,0.6979624932089228,0.6718291471655781,0.6822829784246076
0.5,0.2,0.2,0.1,0.7124117053481333,0.688680020272266,0.6772725620537139,0.6822336516904272
0.35,0.1,0.2,0.35,0.7103935418768921,0.6981965152989694,0.6717229358792777,0.6821631911714294
0.7,0.05,0.2,0.05,0.7110662630339725,0.6856241107892734,0.6792367950820272,0.6820756881149086
0.55,0.15,0.15,0.15,0.7124117053481333,0.6891770900616945,0.6765351926564092,0.6820055365440694
0.3,0.15,0.25,0.3,0.7107299024554322,0.6975411506396177,0.6715997292011666,0.6819553715065574
0.55,0.2,0.15,0.1,0.7134207870837538,0.6876268422146471,0.6775724751497616,0.6819262204131153
0.65,0.2,0.05,0.1,0.7130844265052136,0.6834079562621799,0.6810007863500911,0.6818763509933885
0.5,0.1,0.25,0.15,0.7100571812983518,0.6913754054702766,0.6745456310413213,0.6817503314314969
0.45,0.2,0.2,0.15,0.7107299024554322,0.6907436694148371,0.6750575016490431,0.6817179299903737
0.35,0.25,0.2,0.2,0.7103935418768921,0.6925177511367495,0.6739738340737742,0.6816849543588831
0.25,0.3,0.2,0.25,0.7107299024554322,0.6935479743948524,0.6733941987565699,0.6816590599295512
0.5,0.15,0.25,0.1,0.7114026236125126,0.687986957509749,0.6766068765407204,0.6816469145093277
0.4,0.25,0.15,0.2,0.7117389841910529,0.6904263708745682,0.6750416031591255,0.6815240475939565
0.55,0.2,0.1,0.15,0.7124117053481333,0.6874768334005251,0.6770086166873132,0.6815103671240288
0.45,0.15,0.15,0.25,0.7103935418768921,0.6923901465983332,0.6739696215509013,0.6814894398779595
0.4,0.25,0.2,0.15,0.7110662630339725,0.690631141442576,0.6747551812632657,0.6814750253682278
0.4,0.2,0.15,0.25,0.7110662630339725,0.6914580225047909,0.6745545662928716,0.6814733790428424
0.45,0.1,0.25,0.2,0.7100571812983518,0.6931181174780287,0.6729978181124636,0.6813796125342695
0.6,0.25,0.1,0.05,0.7127480659266734,0.6816982209190023,0.6816016295819791,0.6813751515609086
0.35,0.1,0.25,0.3,0.7097208207198117,0.697101639854213,0.6708821774686083,0.6813407100295352
0.6,0.1,0.05,0.25,0.7090480995627313,0.6908129271790194,0.6748382577665775,0.681298708702158
0.7,0.1,0.05,0.15,0.7110662630339725,0.6852023918299635,0.6785337098163882,0.6812773136265321
0.3,0.25,0.15,0.3,0.7103935418768921,0.6935478656452789,0.6730185609662205,0.6812587989132199
0.4,0.1,0.3,0.2,0.7090480995627313,0.6949293437456523,0.6716623061210449,0.6812145518374826
0.55,0.15,0.1,0.2,0.7100571812983518,0.6902570076815078,0.6746820355715761,0.6812119086323508
0.45,0.25,0.2,0.1,0.7110662630339725,0.6876655153226021,0.6762220817082176,0.681196419540756
0.35,0.2,0.15,0.3,0.7100571812983518,0.6938152621994764,0.672741417747676,0.6811690671922626
0.35,0.05,0.25,0.35,0.708711738984191,0.6975453848853002,0.670378023575382,0.6811350492116581
0.45,0.25,0.1,0.2,0.7114026236125126,0.6889361767193525,0.6751781794022628,0.6809831550870982
0.4,0.05,0.3,0.25,0.7093844601412714,0.6968796867148467,0.6702219730932633,0.6809327838584459
0.35,0.25,0.15,0.25,0.7103935418768921,0.6915468470731573,0.6734537816906303,0.6809133551990889
0.45,0.3,0.2,0.05,0.7114026236125126,0.6843137329162274,0.6780776961605011,0.6808643232701452
0.65,0.15,0.05,0.15,0.7107299024554322,0.6847844684818323,0.6781449958090567,0.6808617223649368
0.6,0.2,0.05,0.15,0.7103935418768921,0.6845588832224523,0.6779526842492466,0.6807068550698496
0.55,0.1,0.25,0.1,0.7103935418768921,0.6868086480595478,0.6757911235844015,0.6806810290063827
0.4,0.1,0.15,0.35,0.7093844601412714,0.6959748595819122,0.6706047409020196,0.6805338351351428
0.45,0.2,0.15,0.2,0.7107299024554322,0.6892940712303195,0.6741661456335843,0.680518056217943
0.6,0.2,0.1,0.1,0.712075344769593,0.6840603843771457,0.677644037398911,0.6804800333089566
0.35,0.1,0.3,0.25,0.7097208207198117,0.6950148619869456,0.6704394117425856,0.6803946722867569
0.45,0.05,0.15,0.35,0.7090480995627313,0.6958801879430688,0.670327597683475,0.6803409619048222
0.5,0.15,0.1,0.25,0.7093844601412714,0.6908756188940806,0.6730651177610194,0.6803139521468101
0.45,0.2,0.1,0.25,0.7097208207198117,0.6903438410608436,0.6732574293208295,0.6802338800786089
0.6,0.25,0.05,0.1,0.7114026236125126,0.6814139271157382,0.6796134582168283,0.6802197044157332
0.55,0.1,0.1,0.25,0.7093844601412714,0.6904257934172151,0.673103614415558,0.6801752635846577
0.3,0.3,0.2,0.2,0.7093844601412714,0.6896710600868351,0.6732350744265325,0.6801573339714082
0.55,0.05,0.1,0.3,0.7090480995627313,0.6918967495623038,0.6724297471271423,0.6801500247480269
0.25,0.25,0.25,0.25,0.7103935418768921,0.6935635818107821,0.671078529838409,0.6801495875706357
0.5,0.1,0.1,0.3,0.708711738984191,0.6920701333867579,0.6721565230834264,0.6800549783794977
0.5,0.25,0.1,0.15,0.7107299024554322,0.6858157081516019,0.675625207728879,0.6800116399248061
0.4,0.15,0.25,0.2,0.7093844601412714,0.6914080929289017,0.6717854627214355,0.6799298387748811
0.35,0.15,0.3,0.2,0.708711738984191,0.6934221212285914,0.6705362227164089,0.6799135481132919
0.3,0.25,0.25,0.2,0.7100571812983518,0.6917423918463833,0.6715945414115625,0.6799053860398845
0.45,0.25,0.15,0.15,0.7103935418768921,0.6872665422721116,0.6743069343995947,0.6798702923997655
0.25,0.2,0.3,0.25,0.7103935418768921,0.6937845141866241,0.6704393616648651,0.6798454390436994
0.6,0.1,0.25,0.05,0.7100571812983518,0.6840985618853375,0.6762340610233067,0.6797885514310711
0.5,0.2,0.1,0.2,0.7097208207198117,0.6880225164488805,0.6737774817039737,0.679770074263333
0.55,0.25,0.1,0.1,0.7110662630339725,0.6831587407752527,0.6769476935810363,0.6796982954317449
0.4,0.15,0.3,0.15,0.708711738984191,0.6906483381177227,0.671606692439534,0.6796582737888863
0.65,0.25,0.05,0.05,0.7114026236125126,0.6788965509056528,0.6809821574380196,0.6796153650204324
0.35,0.05,0.3,0.3,0.7080390178271107,0.6970958216061963,0.6682031434232313,0.6796093337411087
0.4,0.3,0.2,0.1,0.7093844601412714,0.6858849354062282,0.6747153444365106,0.6796080316424101
0.35,0.2,0.25,0.2,0.7093844601412714,0.6906901025902026,0.6716872614976748,0.6795702728934484
0.3,0.1,0.25,0.35,0.7080390178271107,0.6967109957567958,0.6685092112709548,0.6795509452343195
0.45,0.15,0.25,0.15,0.7093844601412714,0.6886543871252873,0.6726516916473819,0.6795010056923758
0.35,0.15,0.15,0.35,0.7080390178271107,0.6948880211041527,0.6695581797313521,0.6794988505610748
0.3,0.2,0.15,0.35,0.708711738984191,0.6938565740115301,0.6701431244733222,0.6794830887861536
0.35,0.3,0.2,0.15,0.7090480995627313,0.6879638236613403,0.6731409640904829,0.6794511423267018
0.65,0.05,0.25,0.05,0.7090480995627313,0.6840918970438457,0.6755337980306034,0.6794092217302795
0.3,0.35,0.15,0.2,0.7093844601412714,0.6877434985709671,0.6730944573734046,0.6792471397969888
0.3,0.3,0.15,0.25,0.7090480995627313,0.6896779723595182,0.6717641331715901,0.6792058323224626
0.45,0.3,0.15,0.1,0.7103935418768921,0.6837918017085428,0.6755735132221966,0.679152512695814
0.3,0.2,0.3,0.2,0.7083753784056509,0.693057043244374,0.6696355880236351,0.679134896048496
0.25,0.2,0.2,0.35,0.7073662966700303,0.695330412602542,0.668542226787845,0.6790516148561727
0.5,0.05,0.3,0.15,0.7090480995627313,0.6897489503924724,0.6711810437404837,0.6790500480377567
0.55,0.2,0.05,0.2,0.7093844601412714,0.6849041273972455,0.6747111319136377,0.6789394309599316
0.35,0.35,0.15,0.15,0.7097208207198117,0.6850204718929634,0.6742590374325791,0.6788895911349971
0.45,0.2,0.25,0.1,0.7090480995627313,0.6860408334232944,0.6733122394484918,0.6788818068349955
0.3,0.15,0.3,0.25,0.708711738984191,0.6933581091806598,0.6690308256169186,0.6788431236876635
0.45,0.05,0.3,0.2,0.7073662966700303,0.6917538685043991,0.6696609369037505,0.6788159341186036
0.5,0.3,0.1,0.1,0.7110662630339725,0.6809013683583554,0.6769052777516691,0.6786360259723798
0.4,0.3,0.15,0.15,0.7093844601412714,0.6855626292948367,0.6733890610446864,0.6786325648501368
0.45,0.1,0.3,0.15,0.7080390178271107,0.6888002137643366,0.6709023385591195,0.6785279762758777
0.55,0.25,0.05,0.15,0.7090480995627313,0.6819309984285158,0.6761224186770786,0.6785076735947353
0.45,0.25,0.25,0.05,0.7100571812983518,0.6830222957079002,0.6747710797531834,0.6784701933448098
0.4,0.2,0.25,0.15,0.7090480995627313,0.6874524466139281,0.6717259298650957,0.678431829739677
0.4,0.35,0.2,0.05,0.7090480995627313,0.6812820712333132,0.676088134545413,0.6784267081768851
0.25,0.35,0.2,0.2,0.7080390178271107,0.686810496609966,0.6722270099104033,0.6783770513113454
0.25,0.2,0.25,0.3,0.7093844601412714,0.6938639985019521,0.6680891653447147,0.6783509871884532
0.35,0.25,0.25,0.15,0.7097208207198117,0.6872554079476846,0.6716756256083506,0.678309075717777
0.3,0.05,0.25,0.4,0.7063572149344097,0.6972140067372875,0.6663711441753611,0.6782860697551922
0.5,0.3,0.15,0.05,0.7107299024554322,0.6796553461361039,0.6773097185360357,0.678246572673161
0.45,0.15,0.1,0.3,0.7070299360914901,0.6901962287645158,0.6702226967850113,0.6782137080176958
0.55,0.15,0.05,0.25,0.7066935755129499,0.6872348402624336,0.672076749274475,0.6781673987657492
0.4,0.25,0.25,0.1,0.7083753784056509,0.6850928472500812,0.6726887980519831,0.6781317244140197
0.5,0.2,0.25,0.05,0.7097208207198117,0.6824604809181449,0.6745363523640061,0.6781138890338004
0.45,0.3,0.1,0.15,0.7100571812983518,0.6827646359426243,0.6745244231266376,0.6780889822081123
0.2,0.25,0.2,0.35,0.7073662966700303,0.6941304123033709,0.6678126957401977,0.6780842552217743
0.55,0.15,0.25,0.05,0.7090480995627313,0.6820093695632362,0.6747021465843668,0.6780265971764021
0.35,0.2,0.3,0.15,0.7080390178271107,0.6874553819533373,0.6709062577339482,0.6779952882276955
0.4,0.2,0.1,0.3,0.7073662966700303,0.6890255312433722,0.6705595445727779,0.677988808861264
0.55,0.1,0.05,0.3,0.7063572149344097,0.6897048257008993,0.670251793127073,0.6779143657594849
0.3,0.1,0.2,0.4,0.7056844937773293,0.695205477659876,0.666941207467206,0.6778723428738544
0.4,0.3,0.1,0.2,0.708711738984191,0.6845013850917647,0.6730175141420482,0.6778444912727903
0.35,0.05,0.2,0.4,0.7060208543558695,0.6946206008268625,0.6671893044214097,0.6778388723099584
0.25,0.35,0.15,0.25,0.7077026572485705,0.6877332212485227,0.6707136528260939,0.6778097664074507
0.45,0.1,0.1,0.35,0.7077026572485705,0.690766378831222,0.6693792377365682,0.6778042202891683
0.25,0.25,0.3,0.2,0.7080390178271107,0.68977483495707,0.6694259877239701,0.6777896887738591
0.6,0.05,0.05,0.3,0.7060208543558695,0.6899156390503467,0.6699612803435021,0.6777424601126772
0.25,0.3,0.25,0.2,0.708711738984191,0.6884364971031283,0.6699724358114016,0.6776208812183017
0.2,0.25,0.3,0.25,0.708711738984191,0.6912217552821515,0.6684246228825442,0.6776184044624912
0.4,0.25,0.1,0.25,0.7073662966700303,0.6865259618275222,0.6713911960190145,0.6775997566856634
0.35,0.35,0.25,0.05,0.7083753784056509,0.6816008940531598,0.6742326918060121,0.6775841863041298
0.4,0.3,0.25,0.05,0.708711738984191,0.6810862556194702,0.6744077146259674,0.6774447952202148
0.25,0.3,0.15,0.3,0.7070299360914901,0.6887599970096411,0.669676198619859,0.6774267228791959
0.2,0.35,0.2,0.25,0.7077026572485705,0.6873173760101013,0.6703250604539243,0.6774053967948757
0.5,0.1,0.3,0.1,0.7073662966700303,0.685038496229286,0.671391782715103,0.6773711316233253
0.35,0.4,0.2,0.05,0.7070299360914901,0.6800319283675261,0.6751437438510554,0.6773466443869192
0.55,0.05,0.3,0.1,0.7070299360914901,0.6851826054861745,0.6711570553259257,0.6772934465336452
0.4,0.15,0.1,0.35,0.7063572149344097,0.6909547420794804,0.6682517640819949,0.6771686938111467
0.25,0.15,0.25,0.35,0.7063572149344097,0.6948680576107221,0.66585530431509,0.6771593971002013
0.3,0.1,0.3,0.3,0.7063572149344097,0.6936110446530812,0.6662481092101326,0.677115239632883
0.2,0.3,0.25,0.25,0.7077026572485705,0.6899819225339181,0.6681804951808898,0.6770476617658509
0.35,0.3,0.1,0.25,0.7073662966700303,0.6857423942870047,0.6708156515895214,0.6769986177250813
0.3,0.3,0.25,0.15,0.7080390178271107,0.6859165103114359,0.6702576391702066,0.6769052569342091
0.45,0.35,0.15,0.05,0.7080390178271107,0.6772399570630963,0.6769738877880616,0.6768704455722938
0.45,0.15,0.3,0.1,0.7070299360914901,0.684178543928669,0.6711012699315323,0.6768587110155249
0.3,0.35,0.2,0.15,0.7066935755129499,0.6833268818507726,0.6718848526978709,0.6768510884501362
0.3,0.2,0.35,0.15,0.7066935755129499,0.6879339651266494,0.668666191874927,0.6767513980809333
0.25,0.4,0.2,0.15,0.7073662966700303,0.6824675420914754,0.6723928041307641,0.6767399722716563
0.2,0.4,0.15,0.25,0.7070299360914901,0.6859431024525898,0.6700902114295851,0.6766957780000719
0.55,0.3,0.1,0.05,0.7093844601412714,0.6768023279013586,0.6769502725836483,0.6766672705893596
0.35,0.05,0.35,0.25,0.7060208543558695,0.6916241936402348,0.6664446833705362,0.6766415841150507
0.3,0.25,0.3,0.15,0.7070299360914901,0.6861490168873842,0.6694764636935976,0.6765665176047644
0.4,0.1,0.35,0.15,0.7063572149344097,0.6877158005878832,0.668444834050776,0.6765661010171885
0.4,0.05,0.15,0.4,0.7046754120417087,0.6919336939292939,0.6666507447613559,0.6764698831486756
0.2,0.3,0.3,0.2,0.7070299360914901,0.6874292363119033,0.6687084359914117,0.6764687963361452
0.2,0.3,0.2,0.3,0.7073662966700303,0.6894368178478775,0.6676087482910634,0.6764518354633953
0.55,0.3,0.05,0.1,0.7077026572485705,0.6768972002269308,0.6765734162562442,0.6764405250507524
0.3,0.35,0.1,0.25,0.7077026572485705,0.6849460452181112,0.6704151299799833,0.6764317536357589
0.4,0.05,0.35,0.2,0.7053481331987891,0.6899993018401012,0.6669514162663747,0.6764193956810016
0.2,0.45,0.15,0.2,0.7073662966700303,0.6820293257887695,0.6722097712482691,0.6763894640134474
0.35,0.2,0.1,0.35,0.7050117726202489,0.6905301989610623,0.6672052029113273,0.6763892499488801
0.5,0.15,0.05,0.3,0.7053481331987891,0.688416267625819,0.668642885379056,0.6763792876620327
0.25,0.4,0.15,0.2,0.7077026572485705,0.6827628946239139,0.6717322563296539,0.6763720336812216
0.4,0.2,0.05,0.35,0.7060208543558695,0.6884813495388269,0.6688868914455484,0.6763463832341458
0.35,0.25,0.3,0.1,0.7066935755129499,0.6832540528149958,0.6708531729773286,0.6762964978636078
0.3,0.3,0.1,0.3,0.7060208543558695,0.6864553983284221,0.6693472392594704,0.6762834571085599
0.35,0.35,0.2,0.1,0.7060208543558695,0.6816213654818604,0.6720545660930602,0.6762663114514752
0.3,0.35,0.25,0.1,0.7080390178271107,0.6820632597945933,0.6716185000417406,0.6762659843079453
0.6,0.05,0.3,0.05,0.7056844937773293,0.681600648554493,0.6717737970477312,0.6762257228395958
0.5,0.05,0.1,0.35,0.7053481331987891,0.6904699987644334,0.667193273673959,0.6762084664845808
0.35,0.35,0.1,0.2,0.7066935755129499,0.6825503344385667,0.6714630015384875,0.6761612213149928
0.25,0.15,0.3,0.3,0.7073662966700303,0.6920368246874262,0.6657163708599436,0.6761501528417814
0.25,0.15,0.2,0.4,0.7036663303060882,0.694769548438662,0.6645511242425801,0.676149639557062
0.4,0.25,0.3,0.05,0.7063572149344097,0.6812339855894693,0.6719698560694877,0.6761442841507886
0.3,0.3,0.3,0.1,0.7063572149344097,0.6835230803364253,0.6704008352259465,0.6761385210905815
0.2,0.35,0.25,0.2,0.7077026572485705,0.6856198329981411,0.66923367616416,0.676097255152704
0.4,0.35,0.1,0.15,0.708711738984191,0.6788487345035159,0.6740628567756609,0.6760821915959402
0.25,0.35,0.1,0.3,0.7053481331987891,0.6865375069819086,0.6689453273999952,0.6760749261483237
0.35,0.1,0.35,0.2,0.7056844937773293,0.6886901316242687,0.6670070299478856,0.6759909273002531
0.3,0.1,0.35,0.25,0.7060208543558695,0.6912292112370779,0.6656939444082054,0.6759703271780027
0.5,0.15,0.3,0.05,0.7063572149344097,0.6815929453901763,0.6713346070707724,0.6759259373672327
0.3,0.15,0.35,0.2,0.7053481331987891,0.6892688465081077,0.6666222351153829,0.675904786447096
0.5,0.05,0.35,0.1,0.7056844937773293,0.6841980016811904,0.6695098226362527,0.6759024599102196
0.35,0.4,0.1,0.15,0.7083753784056509,0.678859071579042,0.6737762631669189,0.6759017496884595
0.25,0.2,0.35,0.2,0.7060208543558695,0.6883878722654143,0.6670877707189089,0.6758924531652547
0.35,0.15,0.35,0.15,0.7060208543558695,0.6863289938323802,0.6681755291818887,0.6758759697602996
0.2,0.2,0.3,0.3,0.7077026572485705,0.6921346708116128,0.6652773525958673,0.6758549042553241
0.45,0.2,0.3,0.05,0.7053481331987891,0.6814869988237129,0.6712098885075621,0.6758308807300181
0.45,0.1,0.35,0.1,0.7053481331987891,0.6843884805616904,0.669219309852682,0.6758027998053157
0.5,0.25,0.05,0.2,0.7063572149344097,0.6813437305866097,0.6717229060948976,0.6757837930457278
0.35,0.25,0.05,0.35,0.7040026908846283,0.6881807427115691,0.6679676278407031,0.6757459890414848
0.3,0.4,0.15,0.15,0.7073662966700303,0.6802129577598446,0.6723676770412518,0.6757456866333632
0.2,0.15,0.3,0.35,0.7073662966700303,0.6941028405846803,0.6641300612765476,0.6756944757078174
0.55,0.1,0.3,0.05,0.7063572149344097,0.6808983203135801,0.6713903924651659,0.6756846721579652
0.35,0.3,0.3,0.05,0.7063572149344097,0.6809586253579278,0.6713133991560889,0.6756486403252511
0.5,0.35,0.1,0.05,0.7070299360914901,0.6755667996761819,0.6762351281408197,0.6756392019358797
0.35,0.1,0.15,0.4,0.7036663303060882,0.6909362040220959,0.665834991805037,0.6755966019538757
0.2,0.25,0.25,0.3,0.7080390178271107,0.6908709796219278,0.6655544958144117,0.6755542317266546
0.4,0.2,0.3,0.1,0.7056844937773293,0.6826104138170238,0.6699950041916427,0.675542200249266
0.35,0.3,0.25,0.1,0.7073662966700303,0.681814863800109,0.6703637288213452,0.6753914077602597
0.2,0.4,0.2,0.2,0.7066935755129499,0.6831077760451318,0.6697481257744938,0.6753783285094851
0.15,0.35,0.2,0.3,0.7063572149344097,0.6876518761123499,0.6667890761599159,0.675288454766433
0.35,0.25,0.1,0.3,0.7050117726202489,0.6850791929494966,0.6686123987870571,0.6752702079455086
0.45,0.05,0.35,0.15,0.7046754120417087,0.6852279473518432,0.6677987944896464,0.6752465194624272
0.4,0.35,0.15,0.1,0.7080390178271107,0.6782277842349738,0.6730123263524441,0.675240941982793
0.4,0.05,0.4,0.15,0.7040026908846283,0.685712077260864,0.6674314601098811,0.6752132900556389
0.25,0.3,0.3,0.15,0.7063572149344097,0.6841852932822254,0.6682986857822792,0.6750426450002248
0.4,0.3,0.05,0.25,0.7063572149344097,0.6819823236334142,0.6704136180948842,0.6750289899187474
0.5,0.2,0.05,0.25,0.7040026908846283,0.6838100470071082,0.6691865529666131,0.6750264471754299
0.2,0.2,0.2,0.4,0.7029936091490078,0.6924524420527322,0.6640682998991991,0.6750142989214455
0.2,0.35,0.15,0.3,0.7056844937773293,0.6862908012179972,0.6672743077930264,0.6750064214135557
0.5,0.1,0.05,0.35,0.7053481331987891,0.6876435261859475,0.6671335691047369,0.674988377210678
0.3,0.4,0.25,0.05,0.7050117726202489,0.6791689479647967,0.6714273772346053,0.674956406656152
0.15,0.3,0.3,0.25,0.7066935755129499,0.687806003586563,0.666175156711046,0.6749403270482961
0.45,0.15,0.05,0.35,0.7046754120417087,0.687162472551516,0.6672647858453877,0.6749188469137232
0.25,0.25,0.15,0.35,0.7046754120417087,0.6892125031759297,0.6655632796464201,0.6748994062992132
0.25,0.1,0.3,0.35,0.7053481331987891,0.6938294892200048,0.6630316839640359,0.6748806018690852
0.45,0.2,0.05,0.3,0.7046754120417087,0.6850344227512168,0.6682543430846068,0.6748727660687198
0.15,0.4,0.25,0.2,0.7073662966700303,0.6837534697635671,0.6683039952070452,0.6748171083766169
0.2,0.2,0.25,0.35,0.7053481331987891,0.6923321817093273,0.6636708521375798,0.674793969766473
0.3,0.4,0.1,0.2,0.7070299360914901,0.6791082060258393,0.6715956085290754,0.6746917538252148
0.35,0.3,0.05,0.3,0.7040026908846283,0.6845830081668418,0.6682912777763258,0.6746561959921576
0.3,0.4,0.2,0.1,0.7050117726202489,0.6788213676295765,0.6712348939619127,0.6746043689320581
0.4,0.15,0.35,0.1,0.7043390514631686,0.6837026190384674,0.6676104021046649,0.674538812018218
0.15,0.3,0.25,0.3,0.7073662966700303,0.6886463271306323,0.6651313760402529,0.6744964544089874
0.25,0.1,0.25,0.4,0.7046754120417087,0.6929990427847056,0.6628855857732598,0.6744464947469722
0.25,0.15,0.35,0.25,0.7053481331987891,0.6894329455846544,0.6643794686185878,0.6744392002548456
0.6,0.3,0.05,0.05,0.7056844937773293,0.6730342805226961,0.6765109311871476,0.6744314423975227
0.4,0.25,0.05,0.3,0.7040026908846283,0.6849309600492957,0.6676136129482433,0.6743924217908164
0.25,0.4,0.3,0.05,0.7050117726202489,0.6784411753733606,0.6709327452890177,0.6743645033977174
0.3,0.15,0.15,0.4,0.7029936091490078,0.6895274796595452,0.6646784218084022,0.6743266651223964
0.3,0.05,0.35,0.3,0.7046754120417087,0.6918373904926091,0.6629589532555524,0.6742903479697359
0.15,0.25,0.25,0.35,0.7060208543558695,0.6915499281456263,0.6632453250736915,0.6742258188310243
0.25,0.35,0.25,0.15,0.7053481331987891,0.6825039060719299,0.6680160614260864,0.6741984500122428
0.4,0.15,0.05,0.4,0.7046754120417087,0.6885246678812571,0.6656187716927694,0.6741607682736961
0.25,0.45,0.1,0.2,0.7063572149344097,0.6775329686898828,0.6718847310627091,0.6741490759293295
0.2,0.4,0.25,0.15,0.7056844937773293,0.6808428666031942,0.6690015277775947,0.674136507505699
0.35,0.4,0.15,0.1,0.7060208543558695,0.6769298056458635,0.6720506469182316,0.6741240310833071
0.15,0.35,0.3,0.2,0.7056844937773293,0.6839991864033329,0.6668993783339274,0.6740896231795687
0.2,0.3,0.15,0.35,0.7040026908846283,0.6878198031934066,0.6649571269897665,0.6740402791022628
0.4,0.1,0.4,0.1,0.7033299697275479,0.6835899256404018,0.6667868107986887,0.6740265871833834
0.3,0.35,0.05,0.3,0.7029936091490078,0.6833191547349675,0.6680471500746715,0.6740252413438007
0.15,0.25,0.3,0.3,0.7070299360914901,0.6902661578015064,0.6634219098564663,0.6739498565824655
0.3,0.25,0.1,0.35,0.7033299697275479,0.6864576352641016,0.665779378123526,0.6739407524142561
0.35,0.35,0.05,0.25,0.7050117726202489,0.6809825466371368,0.6692649365256274,0.67391413115534
0.3,0.25,0.35,0.1,0.7033299697275479,0.6822913008981231,0.6675359377204794,0.673905770544185
0.45,0.35,0.1,0.1,0.7063572149344097,0.6752073146332606,0.6729685703508603,0.673860961144983
0.15,0.25,0.35,0.25,0.7060208543558695,0.6882414062102109,0.6641963856583724,0.6738184258953691
0.25,0.25,0.35,0.15,0.7040026908846283,0.6837645414700946,0.6664285333056355,0.6737842931984945
0.25,0.35,0.3,0.1,0.7043390514631686,0.6797558029199654,0.6687614909636515,0.6736571220709998
0.45,0.3,0.05,0.2,0.7043390514631686,0.6788556087040302,0.6699295752144485,0.673606364156571
0.25,0.4,0.1,0.25,0.7050117726202489,0.6805532457932739,0.6687915124947235,0.6736002573233195
0.15,0.45,0.35,0.05,0.7040026908846283,0.6775898168119394,0.6701939856417758,0.6735870512358845
0.2,0.2,0.35,0.25,0.7056844937773293,0.6881671398803479,0.6638210412160671,0.6735783898260056
0.35,0.2,0.05,0.4,0.7033299697275479,0.6875351515665381,0.6652035403459885,0.6735751637645431
0.4,0.4,0.15,0.05,0.7050117726202489,0.6729770125302227,0.6746594076225754,0.6735745271688394
0.25,0.3,0.35,0.1,0.7029936091490078,0.6806991592399698,0.6679749559845559,0.673569261751538
0.25,0.1,0.35,0.3,0.7053481331987891,0.6900093685269655,0.6628489444295852,0.6735679036491177
0.2,0.3,0.35,0.15,0.7036663303060882,0.682408089272796,0.6668714707445407,0.6735601145381886
0.35,0.25,0.35,0.05,0.7046754120417087,0.6796219382559314,0.6687058272044197,0.673548457908272
0.15,0.2,0.3,0.35,0.7056844937773293,0.6918078711861136,0.6620729066648595,0.673537753125028
0.3,0.35,0.3,0.05,0.7043390514631686,0.6782192662464606,0.6696567661539388,0.6735342461047344
0.45,0.25,0.05,0.25,0.7043390514631686,0.6815438146148783,0.6680659506996254,0.6734454669257391
0.25,0.45,0.2,0.1,0.7046754120417087,0.6772577643148944,0.6703476288341651,0.6733830109169414
0.15,0.3,0.2,0.35,0.7040026908846283,0.6882356042589617,0.6637156752566766,0.6733774125181059
0.15,0.4,0.3,0.15,0.7040026908846283,0.6809539694449789,0.6676008300793055,0.673373491745487
0.2,0.25,0.35,0.2,0.7043390514631686,0.6851215431797615,0.6650345352820495,0.6733586088540202
0.3,0.05,0.3,0.35,0.7036663303060882,0.6919596428218824,0.6616270670909181,0.6733497758141495
0.45,0.4,0.1,0.05,0.7050117726202489,0.6723106403667946,0.6747576088463361,0.6732920861955185
0.35,0.05,0.15,0.45,0.7019845274133871,0.6914087139842444,0.6622763592686872,0.6732869640248752
0.15,0.45,0.2,0.2,0.7050117726202489,0.6801405732938526,0.6682453076776155,0.6732789016503026
0.35,0.1,0.4,0.15,0.7026572485704675,0.6836329522033147,0.6655454091433195,0.6732488986842511
0.25,0.05,0.25,0.45,0.7026572485704675,0.6942612536484208,0.6604955025486338,0.6732129059439159
0.2,0.35,0.4,0.05,0.7023208879919274,0.6792440572606359,0.6683198639125829,0.6731908055990193
0.1,0.45,0.25,0.2,0.7060208543558695,0.681265577689918,0.667236226121694,0.6731666043094547
0.25,0.2,0.15,0.4,0.7023208879919274,0.688654801915098,0.6633600268439561,0.6731603472018148
0.5,0.05,0.05,0.4,0.7033299697275479,0.6873277370338414,0.6645855800871281,0.673136626470171
0.55,0.35,0.05,0.05,0.7050117726202489,0.6709965188516489,0.676024187668938,0.6731272747285615
0.15,0.45,0.15,0.25,0.7043390514631686,0.680497870374743,0.6678525528602937,0.6731081723943139
0.25,0.4,0.25,0.1,0.7050117726202489,0.6788095769320104,0.66853207299924,0.6730939044192875
0.25,0.25,0.4,0.1,0.7019845274133871,0.6815928765528259,0.666520034854693,0.6730471209024449
0.55,0.05,0.35,0.05,0.7029936091490078,0.6799847898043045,0.6675282710837044,0.6730343154225004
0.5,0.05,0.4,0.05,0.701648166834847,0.680716064148246,0.6669685035089672,0.673034138369943
0.25,0.05,0.35,0.35,0.7023208879919274,0.6922005360491879,0.6608326937621654,0.6729776888637802
0.3,0.25,0.4,0.05,0.7029936091490078,0.6800387057905,0.6673742844655504,0.6729642308353118
0.2,0.3,0.4,0.1,0.7023208879919274,0.6808019139901088,0.6668702522074859,0.6729385501173872
0.3,0.3,0.05,0.35,0.7006390850992263,0.6851651575939286,0.6652047290986633,0.6729225730353176
0.2,0.4,0.35,0.05,0.7036663303060882,0.6780754071148406,0.6686714715153129,0.6729098311187278
0.4,0.1,0.1,0.4,0.7019845274133871,0.6880666273835062,0.6635641460059729,0.6728952231104294
0.3,0.2,0.4,0.1,0.7023208879919274,0.6820268747455664,0.6659537691025149,0.6728881215149806
0.2,0.45,0.2,0.15,0.7046754120417087,0.6783240354251786,0.6687691576004262,0.6728190029948775
0.2,0.45,0.3,0.05,0.7036663303060882,0.6764043795378443,0.6697840637197608,0.6728182291456493
0.3,0.3,0.35,0.05,0.7036663303060882,0.677898493890569,0.6686581019502867,0.6728161202642557
0.5,0.3,0.05,0.15,0.7043390514631686,0.6756653473502001,0.6709191324536679,0.6727994111892979
0.3,0.05,0.2,0.45,0.7006390850992263,0.6912071442651417,0.6613798655413451,0.6727959501697411
0.45,0.05,0.1,0.4,0.7019845274133871,0.6877613402969417,0.6635602268311441,0.6727912023419205
0.35,0.2,0.35,0.1,0.7029936091490078,0.6808702022247257,0.6664868476249203,0.6727420632104018
0.15,0.5,0.3,0.05,0.7036663303060882,0.6763213920588322,0.6696858624960003,0.6727163698766673
0.15,0.35,0.4,0.1,0.7033299697275479,0.6812108319852219,0.6663000172027584,0.6727124755786588
0.1,0.3,0.3,0.3,0.7063572149344097,0.6880164076405433,0.6627426830655642,0.6726929777624489
0.45,0.15,0.35,0.05,0.7033299697275479,0.6789816236837876,0.6676302197694113,0.6726857421405976
0.5,0.35,0.05,0.1,0.7040026908846283,0.6730394254826584,0.6729868761305077,0.6726788092477953
0.15,0.45,0.25,0.15,0.7040026908846283,0.6791093757281605,0.6677799437869718,0.6726786060323059
0.2,0.45,0.25,0.1,0.7040026908846283,0.6780133201202029,0.668390065696175,0.6726629258936088
0.25,0.3,0.1,0.35,0.7026572485704675,0.686229130487912,0.6638084454205095,0.6726247446576645
0.35,0.15,0.4,0.1,0.701648166834847,0.6821525540047114,0.6654034018402546,0.672620277614083
0.55,0.05,0.05,0.35,0.7029936091490078,0.6859978537317095,0.6644356843566852,0.6726171219984796
0.45,0.05,0.4,0.1,0.7019845274133871,0.681513087126285,0.665715122538509,0.6725769123267391
0.35,0.15,0.1,0.4,0.7019845274133871,0.6870593479995235,0.6635641460059729,0.6725125960423793
0.1,0.25,0.3,0.35,0.7053481331987891,0.6890514784733469,0.6619230109344166,0.6725114504552926
0.2,0.35,0.3,0.15,0.7036663303060882,0.6801247032399657,0.6666923570368744,0.6725091915095761
0.25,0.35,0.35,0.05,0.7033299697275479,0.6773385415964568,0.6684830791303316,0.6724788430967527
0.35,0.2,0.4,0.05,0.7019845274133871,0.6800411457234455,0.6664988269400094,0.6724407178480006
0.5,0.1,0.35,0.05,0.7023208879919274,0.6794986712234778,0.6668490442928022,0.6724383097403386
0.2,0.1,0.35,0.35,0.7026572485704675,0.6913292792292856,0.6603897563232601,0.6723580008276542
0.1,0.5,0.35,0.05,0.7026572485704675,0.6753166255622999,0.6697402576404565,0.6723325515061656
0.1,0.4,0.3,0.2,0.7043390514631686,0.6813176813584206,0.6657334080248156,0.6722987334292397
0.25,0.45,0.15,0.15,0.7033299697275479,0.67511236504127,0.6703288282092111,0.6722864793432918
0.3,0.15,0.4,0.15,0.7026572485704675,0.6833788294293478,0.664180629096957,0.6722417296803804
0.1,0.5,0.3,0.1,0.7043390514631686,0.6776183773435337,0.6679510474320984,0.6722339698680803
0.2,0.1,0.4,0.3,0.7023208879919274,0.6890979710626486,0.6612121290921815,0.6722324484758622
0.1,0.4,0.2,0.3,0.7046754120417087,0.6828793323137008,0.66479162611745,0.6722261810620184
0.15,0.4,0.15,0.3,0.7029936091490078,0.6823793207020633,0.6651348504474955,0.6721915835986529
0.25,0.3,0.4,0.05,0.7029936091490078,0.678155463855441,0.6673184990711569,0.6721502095057734
0.2,0.25,0.15,0.4,0.701648166834847,0.6881256319514661,0.6621225443634157,0.6721084341137145
0.4,0.05,0.1,0.45,0.7013118062563067,0.6899404906032689,0.6614738041645122,0.6720802550318197
0.2,0.4,0.3,0.1,0.7029936091490078,0.677585205369263,0.6676128093943946,0.6720725585851338
0.3,0.05,0.4,0.25,0.701648166834847,0.6876222274629792,0.661595533674747,0.6720494922763154
0.1,0.5,0.25,0.15,0.7050117726202489,0.6776933638769279,0.6677255486425155,0.6720480086198544
0.3,0.2,0.1,0.4,0.701648166834847,0.6868681849577455,0.6627538741873022,0.6720393333079715
0.2,0.35,0.35,0.1,0.7023208879919274,0.6786461543640304,0.666729635154358,0.6720143378064984
0.25,0.45,0.25,0.05,0.7026572485704675,0.6763939421025954,0.6683927663339488,0.6720090819194291
0.1,0.45,0.35,0.1,0.7029936091490078,0.6770409486524983,0.6677667960125487,0.671959914023906
0.15,0.2,0.35,0.3,0.7036663303060882,0.6878318511339553,0.6614694546459796,0.6719118248370411
0.1,0.2,0.3,0.4,0.7029936091490078,0.6903653715320017,0.6603722958705227,0.6719074813636495
0.2,0.15,0.25,0.4,0.7023208879919274,0.6910381709476803,0.6601664931105246,0.6718897651249927
0.05,0.45,0.35,0.15,0.7040026908846283,0.6788524284212116,0.666467029960174,0.6718875673196492
0.4,0.2,0.35,0.05,0.7023208879919274,0.6783561531909359,0.6667162655893318,0.671881716326148
0.15,0.15,0.3,0.4,0.7023208879919274,0.691713975717236,0.6597527736488427,0.6718745430518384
0.2,0.15,0.4,0.25,0.7026572485704675,0.687217129351088,0.6616220510141965,0.67186440858598
0.15,0.35,0.35,0.15,0.7013118062563067,0.6800915410227493,0.6655595739575353,0.6718631319708758
0.25,0.05,0.3,0.4,0.7019845274133871,0.6917335444532697,0.6594968383449817,0.6717571563697329
0.15,0.4,0.35,0.1,0.7026572485704675,0.6777531413738267,0.6669219467141683,0.6717484084313073
0.1,0.3,0.35,0.25,0.7040026908846283,0.6849576806065915,0.6626630809694951,0.6716693174052092
0.45,0.1,0.05,0.4,0.701648166834847,0.6855907048485151,0.6631675936489841,0.6716057440508116
0.1,0.2,0.35,0.35,0.7036663303060882,0.6890126217366852,0.6604759782319316,0.6715863584802082
0.4,0.4,0.1,0.1,0.7043390514631686,0.6721768138997231,0.6713755610927611,0.6715674830882529
0.2,0.05,0.25,0.5,0.7006390850992263,0.6931347845987613,0.6586636750136461,0.6715343897279739
0.25,0.1,0.4,0.25,0.7013118062563067,0.6866125231602419,0.6613050208911762,0.6715025431127901
0.1,0.45,0.3,0.15,0.7036663303060882,0.6786242346768601,0.6660783159528427,0.671499400403726
0.05,0.5,0.4,0.05,0.701648166834847,0.6767399452035208,0.6671727443061457,0.6714875785302936
0.2,0.35,0.1,0.35,0.7023208879919274,0.6839353842083324,0.6633733964089823,0.671465155200321
0.4,0.1,0.05,0.45,0.701648166834847,0.6884843597233716,0.6615852032404167,0.671455212465246
0.05,0.3,0.35,0.3,0.7046754120417087,0.6862648913419618,0.6616326698637283,0.6714413906191516
0.15,0.5,0.15,0.2,0.7036663303060882,0.6752171471534579,0.6685768961183367,0.6713767974005996
0.5,0.4,0.05,0.05,0.7029936091490078,0.6690917727151938,0.6745717954639665,0.6713636649145233
0.25,0.05,0.4,0.3,0.7009754456777666,0.6888058436384317,0.660042239608241,0.6713624833548153
0.1,0.45,0.4,0.05,0.7013118062563067,0.6768617056252129,0.6668225269533528,0.6713426617842897
0.1,0.25,0.35,0.3,0.7043390514631686,0.6866669376822796,0.6612824525109354,0.6713410935663395
0.1,0.4,0.35,0.15,0.7019845274133871,0.6789118124703518,0.6654456459567393,0.6713295037432467
0.15,0.35,0.15,0.35,0.701648166834847,0.6849750655969367,0.6623362355507918,0.6713202736382743
0.1,0.3,0.25,0.35,0.7046754120417087,0.6868314858384255,0.6613034887127365,0.6713019711072843
0.15,0.5,0.25,0.1,0.7033299697275479,0.6754055548415157,0.6679669459220161,0.6713000482771088
0.2,0.15,0.35,0.3,0.7026572485704675,0.6876848741998999,0.66059007794561,0.6712928879308446
0.05,0.5,0.35,0.1,0.7026572485704675,0.6767040632028956,0.6668622421449462,0.671285555581503
0.2,0.1,0.3,0.4,0.701648166834847,0.691177123600205,0.6591081243376503,0.6712664244701919
0.15,0.2,0.25,0.4,0.701648166834847,0.6897605222325862,0.6597818699909042,0.6712654530988921
0.15,0.4,0.2,0.25,0.7033299697275479,0.6803349080708931,0.6647173334461468,0.6712536205305171
0.1,0.1,0.35,0.45,0.7006390850992263,0.6930119860486034,0.6581439159785464,0.671235625272887
0.05,0.3,0.3,0.35,0.7040026908846283,0.6873873764149635,0.6607955372798433,0.6711919511415059
0.3,0.45,0.1,0.15,0.7036663303060882,0.6724776916003674,0.6706578376473205,0.6711671609584572
0.15,0.3,0.35,0.2,0.7046754120417087,0.6822021431293945,0.6633038111058588,0.6711259577872652
0.05,0.5,0.3,0.15,0.7033299697275479,0.678223320263556,0.6657280986000498,0.6711130799279301
0.45,0.1,0.4,0.05,0.7009754456777666,0.6788922094019796,0.6650187787206343,0.6710975056014732
0.2,0.15,0.2,0.45,0.699966363942146,0.6889114689156842,0.6600865976664112,0.6710822973690144
0.2,0.05,0.35,0.4,0.7006390850992263,0.6914576203686169,0.658502143393879,0.6710662303240584
0.15,0.05,0.35,0.45,0.699966363942146,0.693657122743883,0.6575801791512598,0.671053363138006
0.15,0.35,0.25,0.25,0.7036663303060882,0.6830504432793151,0.6628074955622898,0.67104947349399
0.05,0.45,0.3,0.2,0.7036663303060882,0.6790315465076626,0.665169671197529,0.6710453265654239
0.25,0.05,0.2,0.5,0.6996300033636058,0.6911947272931728,0.6589605142617752,0.6710248698770439
0.4,0.35,0.05,0.2,0.7033299697275479,0.6749755035646652,0.668376452860825,0.6709604030825584
0.15,0.4,0.4,0.05,0.7003027245206862,0.6760395200099976,0.6667441433943386,0.6709405849027335
0.25,0.25,0.45,0.05,0.699966363942146,0.6783351182863288,0.6650943817797741,0.6709137747584314
0.05,0.25,0.35,0.35,0.7033299697275479,0.6873417180611344,0.6602875858469501,0.6708779760665925
0.3,0.45,0.2,0.05,0.7026572485704675,0.6728329530741421,0.669424446054491,0.6708640971287718
0.35,0.1,0.45,0.1,0.7006390850992263,0.6819783352281905,0.6628398076807724,0.670860751110565
0.25,0.5,0.1,0.15,0.7029936091490078,0.671281313160926,0.6713606796426358,0.6708354651890831
0.2,0.05,0.4,0.35,0.7006390850992263,0.6899322355748739,0.6587967470651609,0.6708335429812358
0.2,0.1,0.25,0.45,0.7009754456777666,0.6900552530168965,0.6590351002811227,0.6708045317810903
0.4,0.15,0.4,0.05,0.7006390850992263,0.6785877092483833,0.6647321851118921,0.6707948007826565
0.15,0.25,0.4,0.2,0.701648166834847,0.6838496291181944,0.6617400699027034,0.6707819026957715
0.2,0.5,0.25,0.05,0.7026572485704675,0.6737265266090593,0.6682521492808211,0.6707352980818749
0.15,0.25,0.2,0.4,0.699966363942146,0.687560765187143,0.6601463022356333,0.6707010423868023
0.1,0.35,0.3,0.25,0.7036663303060882,0.6829474049077493,0.662270447787335,0.6706853400081021
0.15,0.45,0.3,0.1,0.7023208879919274,0.6760930340244905,0.6663541189991705,0.6706822108801335
0.25,0.1,0.2,0.45,0.6992936427850656,0.6884451489644544,0.659578646233518,0.6706213495099226
0.1,0.25,0.4,0.25,0.7023208879919274,0.6844965322616801,0.661173632437643,0.6706131169275288
0.2,0.2,0.4,0.2,0.701648166834847,0.683354240054587,0.6617400699027034,0.6706065711352698
0.05,0.5,0.25,0.2,0.7033299697275479,0.6773234722851929,0.6654507836686228,0.6705401342933062
0.45,0.35,0.05,0.15,0.7019845274133871,0.6725984244001324,0.6691432620259561,0.670498594496627
0.2,0.5,0.1,0.2,0.7029936091490078,0.6728371996954193,0.6692412414591137,0.6704967480969856
0.1,0.45,0.2,0.25,0.7019845274133871,0.6785227299367107,0.6646600361666544,0.6704581868980466
0.2,0.45,0.1,0.25,0.7009754456777666,0.6766810030653343,0.6662195350625567,0.6704372219169723
0.2,0.5,0.15,0.15,0.7019845274133871,0.6724449001903657,0.6692398512091765,0.6704334328164016
0.15,0.3,0.15,0.4,0.6996300033636058,0.6861582708369477,0.6605044080158041,0.6704271407166636
0.25,0.2,0.4,0.15,0.7009754456777666,0.682059212885578,0.6621273936600977,0.670425646774695
0.15,0.3,0.4,0.15,0.7009754456777666,0.680711926267718,0.6629032597119408,0.6704111203159618
0.1,0.4,0.4,0.1,0.701648166834847,0.6773362900422775,0.6649338969841794,0.6703900196172587
0.15,0.5,0.2,0.15,0.7023208879919274,0.6741789817066467,0.6675939586917201,0.6703753967405103
0.05,0.25,0.3,0.4,0.7019845274133871,0.6888927679760728,0.6588615893462664,0.670369252607153
0.1,0.15,0.35,0.4,0.7006390850992263,0.6895898796240897,0.6583827342554348,0.6703556911086509
0.05,0.45,0.25,0.25,0.7033299697275479,0.6792420870299034,0.6639665944838159,0.6703492098144942
0.05,0.45,0.45,0.05,0.7006390850992263,0.6761383130826322,0.6656023332126673,0.670315364147152
0.2,0.05,0.3,0.45,0.6996300033636058,0.6918480665941024,0.6573917867662782,0.6703114920918611
0.15,0.2,0.4,0.25,0.7013118062563067,0.6848018543326536,0.6604560807050848,0.6702513366958414
0.2,0.25,0.4,0.15,0.7009754456777666,0.6814144846550374,0.6621698094894648,0.6701999889048476
0.1,0.55,0.3,0.05,0.701648166834847,0.6726119091585753,0.6680716453232174,0.6701613195028423
0.05,0.3,0.4,0.25,0.7029936091490078,0.6832877029231768,0.6611657440102651,0.6701354748637232
0.2,0.3,0.45,0.05,0.7003027245206862,0.6772533317783359,0.6645359543772533,0.6701319282254994
0.3,0.15,0.45,0.1,0.699966363942146,0.6808172506608918,0.6622799900283145,0.6700646037582416
0.15,0.3,0.45,0.1,0.7006390850992263,0.6787410740000334,0.663500183769,0.6700506297639812
0.1,0.3,0.2,0.4,0.6996300033636058,0.6861205844479621,0.6598306623625503,0.6700118232313863
0.35,0.45,0.15,0.05,0.701648166834847,0.6691892800061654,0.6713594611055811,0.6700048486192095
0.3,0.1,0.15,0.45,0.6989572822065254,0.6866536465192397,0.6597442687409962,0.669961712600576
0.15,0.25,0.15,0.45,0.7003027245206862,0.6870043905141148,0.6595839556582839,0.6699543090786915
0.4,0.05,0.45,0.1,0.699966363942146,0.6803936105347568,0.6622760708534858,0.6699257833524552
0.35,0.4,0.05,0.2,0.7013118062563067,0.673092488778097,0.6680115257707894,0.6699072720242281
0.15,0.1,0.35,0.4,0.699966363942146,0.6891122278056951,0.6578747828225415,0.6698936531183779
0.1,0.35,0.2,0.35,0.701648166834847,0.6841378082888913,0.6604941122986965,0.6698449224934951
0.15,0.15,0.35,0.35,0.7013118062563067,0.6872785886443529,0.6586231144951429,0.6698222944803696
0.25,0.25,0.1,0.4,0.7006390850992263,0.684499702151883,0.6605655028349634,0.6697968749051311
0.15,0.15,0.25,0.45,0.699966363942146,0.6889326743457796,0.6581211461010431,0.6697572150814753
0.05,0.2,0.35,0.4,0.7006390850992263,0.6889588483942963,0.6578111090007702,0.6697246833703797
0.2,0.4,0.1,0.3,0.701648166834847,0.6786317140777524,0.6637434314265216,0.6697203840378846
0.3,0.05,0.15,0.5,0.6986209216279852,0.6888640006871632,0.6584814874580611,0.6697200738371024
0.25,0.4,0.05,0.3,0.7006390850992263,0.6776036680236235,0.6648122175516651,0.6697027917433893
0.45,0.05,0.05,0.45,0.7003027245206862,0.6860608679678505,0.6603728979271091,0.6697003137439497
0.45,0.4,0.05,0.1,0.701648166834847,0.6688783774936367,0.6711591394832311,0.6696308804726611
0.05,0.4,0.35,0.2,0.7023208879919274,0.678733798234831,0.6628023578504062,0.6695739936415281
0.25,0.35,0.05,0.35,0.6989572822065254,0.6807063073332633,0.6625335334029436,0.6695298307840515
0.05,0.55,0.3,0.1,0.701648166834847,0.6738672301580091,0.6659482879648666,0.669508906294425
0.1,0.15,0.3,0.45,0.6992936427850656,0.6899960661895336,0.6571224818973911,0.6695032534710252
0.35,0.05,0.45,0.15,0.6996300033636058,0.681092541563898,0.6611672761887047,0.6694994350712007
0.15,0.1,0.3,0.45,0.6992936427850656,0.6898208188460497,0.6571397706372459,0.6694944850654151
0.3,0.1,0.45,0.15,0.699966363942146,0.6819498301219798,0.6607282579246283,0.6694873202211653
0.3,0.45,0.15,0.1,0.7013118062563067,0.6704756554005518,0.6690304226223938,0.6694780476491513
0.2,0.1,0.2,0.5,0.6979482004709048,0.6893764120139135,0.6575386086488024,0.6694469267893719
0.1,0.15,0.4,0.35,0.7006390850992263,0.6869041857239699,0.6581614980664455,0.6693933305321416
0.15,0.45,0.1,0.3,0.7009754456777666,0.6776235822401266,0.6639343527363946,0.6693736671488839
0.15,0.35,0.45,0.05,0.699966363942146,0.67653385777735,0.6637853871278048,0.6693662959598681
0.1,0.35,0.25,0.3,0.7026572485704675,0.6814600576675561,0.6611388832450507,0.6693557298558926
0.3,0.1,0.4,0.2,0.699966363942146,0.681794213147948,0.6604721509078848,0.6692862643603548
0.3,0.4,0.05,0.25,0.7003027245206862,0.6750675246261768,0.6655112620073136,0.6692489475133923
0.1,0.35,0.15,0.4,0.698284561049445,0.6847238479029991,0.6593942231010859,0.6692364991763521
0.35,0.15,0.05,0.45,0.699966363942146,0.68597381429724,0.6594856327993615,0.6692291644805172
0.2,0.5,0.2,0.1,0.7013118062563067,0.6712322794353716,0.6677387167102794,0.6692155893250522
0.1,0.3,0.15,0.45,0.6992936427850656,0.6865124695427532,0.6587297060474265,0.6692085717725622
0.15,0.1,0.4,0.35,0.6996300033636058,0.6866306067991564,0.6579597861941584,0.6691962951446967
0.3,0.25,0.05,0.4,0.699966363942146,0.6829699126485216,0.6610122378135355,0.6691908747101631
0.1,0.3,0.4,0.2,0.7009754456777666,0.6805946810384329,0.6610781318516563,0.6691890930549477
0.25,0.15,0.4,0.2,0.699966363942146,0.6816637656852935,0.6604163655134914,0.6691799060826367
0.25,0.15,0.15,0.45,0.6986209216279852,0.686240977690726,0.6587972990440265,0.6691596862197977
0.35,0.45,0.05,0.15,0.7013118062563067,0.6691423367967225,0.6700369752534238,0.6691433956013284
0.1,0.1,0.3,0.5,0.698284561049445,0.691192569569513,0.6560639914893551,0.6691224238669273
0.1,0.4,0.45,0.05,0.6996300033636058,0.675315710560547,0.6641686199974879,0.6691135068400761
0.4,0.45,0.05,0.1,0.7006390850992263,0.6676715139324185,0.6716178036991716,0.6690173577505862
0.35,0.45,0.1,0.1,0.7019845274133871,0.6687340965425721,0.6700675834805843,0.6689873223575948
0.05,0.25,0.45,0.25,0.7006390850992263,0.6826635231202789,0.6595689872902195,0.6689476483508072
0.2,0.05,0.45,0.3,0.6986209216279852,0.6848173892824965,0.6583260737497514,0.6689363859117294
0.15,0.05,0.3,0.5,0.6976118398923646,0.6918102667568399,0.6554790467473849,0.6689288404191212
0.05,0.4,0.2,0.35,0.7006390850992263,0.6816760518679374,0.66039060165017,0.6689184486482234
0.1,0.5,0.15,0.25,0.701648166834847,0.6751730171837598,0.6644425975173319,0.6689113451402988
0.2,0.15,0.45,0.2,0.6992936427850656,0.681637033512512,0.6599854073896754,0.6689112413571607
0.05,0.35,0.4,0.2,0.7009754456777666,0.6797691806265608,0.6610993397663398,0.6689030039803591
0.05,0.55,0.35,0.05,0.7003027245206862,0.6716710704035499,0.6665053251174502,0.6688914189126898
0.05,0.35,0.35,0.25,0.7019845274133871,0.6813172451188593,0.6603499910539462,0.6688892417628072
0.2,0.25,0.45,0.1,0.698284561049445,0.677800523767226,0.6621285824127725,0.6688828300228622
0.45,0.05,0.45,0.05,0.6979482004709048,0.6768160344946338,0.6626830906404645,0.6688613123541319
0.1,0.5,0.2,0.2,0.7013118062563067,0.6745131303408942,0.6645912246329995,0.6688474110010677
0.05,0.2,0.4,0.35,0.7006390850992263,0.685226044002198,0.6581614980664455,0.6688402590281626
0.35,0.05,0.1,0.5,0.6979482004709048,0.6867700101022847,0.6583911746616785,0.6687770440805483
0.4,0.45,0.1,0.05,0.701648166834847,0.6674455332899514,0.6707454200215491,0.6687703056525625
0.1,0.35,0.35,0.2,0.7023208879919274,0.6788091374043299,0.6615145711131207,0.6687679656722443
0.1,0.2,0.25,0.45,0.6996300033636058,0.6877271030350185,0.6572165922334405,0.6687298853407692
0.3,0.05,0.45,0.2,0.6989572822065254,0.6814132572315716,0.6597545991753266,0.6686840011719746
0.15,0.15,0.4,0.3,0.6996300033636058,0.6847728298641679,0.6581004032472861,0.668674001082792
0.2,0.2,0.15,0.45,0.6989572822065254,0.6853711783338378,0.6584949786582491,0.6686718197830488
0.15,0.1,0.25,0.5,0.698284561049445,0.6888127445293806,0.6566010392643098,0.6686667140170232
0.1,0.4,0.25,0.25,0.7019845274133871,0.6790006849351312,0.6614280057786843,0.6686401335184744
0.1,0.35,0.45,0.1,0.6996300033636058,0.6764332753936143,0.662642014983314,0.6686371322128007
0.05,0.45,0.2,0.3,0.701648166834847,0.6778296913718719,0.662182542280682,0.6686296313405268
0.35,0.05,0.4,0.2,0.6992936427850656,0.680801722266958,0.6599257028204533,0.668586987355354
0.25,0.05,0.45,0.25,0.6986209216279852,0.6820243554525811,0.6592213489400387,0.668585405104333
0.05,0.25,0.25,0.45,0.6996300033636058,0.687229616503405,0.6572165922334405,0.6685808733269649
0.05,0.15,0.35,0.45,0.698284561049445,0.6886954680239853,0.6562391860221928,0.6685654651469737
0.25,0.15,0.45,0.15,0.6992936427850656,0.6803203179058364,0.6601645210973417,0.6685389638333119
0.25,0.2,0.45,0.1,0.6986209216279852,0.6787959987302545,0.6610118993206134,0.6685319897622212
0.1,0.45,0.15,0.3,0.699966363942146,0.6778158754767324,0.661984799660944,0.6685047824497381
0.1,0.1,0.45,0.35,0.6979482004709048,0.6865318318358248,0.6567939875979291,0.6684176673364339
0.25,0.2,0.1,0.45,0.6992936427850656,0.6851573153014412,0.658508176510393,0.6684127098164007
0.05,0.4,0.25,0.3,0.7026572485704675,0.6801371903918508,0.6604227217624297,0.6683917979290358
0.05,0.35,0.3,0.3,0.7023208879919274,0.6816402825074226,0.659535456634682,0.6683785281363248
0.15,0.4,0.1,0.35,0.6989572822065254,0.6790263517152039,0.6614248603733243,0.668373239438676
0.05,0.2,0.45,0.3,0.6989572822065254,0.6838720340166652,0.6580103837989477,0.6683306635345225
0.3,0.2,0.45,0.05,0.6972754793138244,0.6761374558978935,0.6622426821264508,0.6682979192120331
0.3,0.15,0.1,0.45,0.6986209216279852,0.6847312652007274,0.6585584807671382,0.6682531827656739
0.35,0.15,0.45,0.05,0.6976118398923646,0.6766925216281268,0.6617997446875457,0.6682518686796624
0.15,0.3,0.5,0.05,0.6992936427850656,0.6764226803523898,0.6621263468359253,0.6682377398299071
0.05,0.4,0.3,0.25,0.7023208879919274,0.6792870443995814,0.6605250138739014,0.6682210064111079
0.2,0.3,0.1,0.4,0.6986209216279852,0.6826108018811348,0.6590706948006249,0.6682177028831486
0.1,0.05,0.35,0.5,0.696602758156744,0.6910150468033539,0.6546766633560922,0.6682133584044185
0.1,0.25,0.25,0.4,0.6996300033636058,0.6865774984017777,0.6567777456822464,0.6681561384637487
0.3,0.2,0.05,0.45,0.699966363942146,0.6842139797777571,0.6588755108901584,0.668149722871293
0.1,0.3,0.5,0.1,0.6989572822065254,0.6778558332390678,0.66106388717534,0.6681269222376537
0.15,0.3,0.1,0.45,0.698284561049445,0.684655213990663,0.658289175898251,0.6681185119892067
0.35,0.1,0.1,0.45,0.698284561049445,0.6848706557099218,0.6582679679835673,0.6681154195174406
0.1,0.2,0.4,0.3,0.6989572822065254,0.6837843801993342,0.6576348676437601,0.6680426258779901
0.05,0.45,0.4,0.1,0.7006390850992263,0.6749302490222931,0.6625664119241742,0.668012865626676
0.25,0.1,0.45,0.2,0.698284561049445,0.680293797875337,0.659267855657117,0.667978508576994
0.15,0.05,0.45,0.35,0.6972754793138244,0.6863117919781507,0.6562090428559588,0.6679618089056865
0.4,0.1,0.45,0.05,0.6969391187352842,0.6766328018680869,0.6611723841162083,0.6678571496214019
0.15,0.1,0.45,0.3,0.698284561049445,0.6835020850358684,0.6573830232276103,0.6678304833223099
0.15,0.55,0.1,0.2,0.7003027245206862,0.669217511174564,0.6675579194046317,0.6678153031331424
0.15,0.2,0.2,0.45,0.6986209216279852,0.6854773877566863,0.6569512566171027,0.6677825662864811
0.05,0.35,0.2,0.4,0.6986209216279852,0.683818925572871,0.6576422910102115,0.6677635010334388
0.15,0.25,0.45,0.15,0.6986209216279852,0.6790732096472603,0.6596644080141056,0.6677359596839707
0.1,0.05,0.4,0.45,0.6972754793138244,0.6891550110405782,0.6547457682377913,0.667714388470781
0.05,0.15,0.45,0.35,0.6979482004709048,0.685609054215351,0.6562184431684358,0.6677032469385923
0.4,0.4,0.05,0.15,0.7003027245206862,0.6682225620629494,0.6678446847262562,0.6676899765014139
0.25,0.3,0.05,0.4,0.6976118398923646,0.6808496403542006,0.659777334335607,0.6676699839870711
0.35,0.5,0.1,0.05,0.7006390850992263,0.6651750393546795,0.6712347425423709,0.6676636559516224
0.1,0.2,0.45,0.25,0.6992936427850656,0.6810304282849534,0.6583990978062791,0.6676244220660931
0.05,0.4,0.5,0.05,0.6986209216279852,0.6758928582755883,0.6614047042156559,0.6676149617031473
0.05,0.3,0.25,0.4,0.7003027245206862,0.6853723124452277,0.6566292402017406,0.6676149010722622
0.05,0.25,0.4,0.3,0.6996300033636058,0.6829764534120588,0.6574651542485708,0.6676097251285075
0.3,0.45,0.05,0.2,0.6996300033636058,0.669933720963408,0.6665896201578166,0.6676090073486577
0.25,0.45,0.05,0.25,0.6989572822065254,0.6728931859979237,0.6643798691779117,0.6676037581096428
0.1,0.5,0.1,0.3,0.6989572822065254,0.6744956351480098,0.6631132903553097,0.6676016065937842
0.15,0.5,0.1,0.25,0.699966363942146,0.672691200674483,0.6641717807633457,0.6675927896309664
0.15,0.2,0.45,0.2,0.6986209216279852,0.6800910099391938,0.6588076294783569,0.6675743931232965
0.1,0.15,0.45,0.3,0.698284561049445,0.682849988598235,0.6573272378332169,0.6675463261232191
0.45,0.45,0.05,0.05,0.6996300033636058,0.6649685261578006,0.6715700784450384,0.6675415763191389
0.4,0.05,0.05,0.5,0.696602758156744,0.6855199115917798,0.6572597818322766,0.667505820671454
0.25,0.25,0.05,0.45,0.698284561049445,0.683475580683055,0.6581870554996617,0.6675035459756531
0.1,0.1,0.4,0.4,0.6979482004709048,0.6864042368215806,0.655646524565727,0.6675031346072909
0.2,0.2,0.45,0.15,0.698284561049445,0.6788707402244383,0.6593102714864842,0.6674552181254596
0.05,0.35,0.15,0.45,0.6972754793138244,0.684790215058223,0.6569748718215158,0.6674485883934893
0.15,0.15,0.45,0.25,0.6989572822065254,0.6807104115486732,0.6581855783317854,0.6673811966836778
0.05,0.1,0.35,0.5,0.6962663975782039,0.6904597691831584,0.653708485744439,0.667329819208282
0.3,0.5,0.1,0.1,0.7003027245206862,0.6663372223107489,0.669340631435549,0.66731234812967
0.3,0.5,0.05,0.15,0.699966363942146,0.6665340984353747,0.6690674073918332,0.6672441598185918
0.3,0.05,0.5,0.15,0.6976118398923646,0.6788042223832149,0.6589178100172066,0.6671931259423463
0.25,0.1,0.5,0.15,0.6972754793138244,0.6790533934221146,0.6587639951119348,0.6671703261911376
0.35,0.05,0.5,0.1,0.6969391187352842,0.6779333475991804,0.6591857246361564,0.6670411972290677
0.15,0.05,0.4,0.4,0.6962663975782039,0.6863486696295726,0.6549195725206918,0.6670360719260044
0.35,0.5,0.05,0.1,0.6989572822065254,0.6652737300500026,0.6702980184847882,0.6670219907446686
0.2,0.25,0.1,0.45,0.6979482004709048,0.6831409192709847,0.6574019107705034,0.6669923224032481
0.2,0.2,0.1,0.5,0.6972754793138244,0.6858154532127855,0.656402953218807,0.6669785321404522
0.25,0.05,0.5,0.2,0.6972754793138244,0.6801383298258887,0.6578302232671092,0.6669775665380098
0.1,0.4,0.15,0.35,0.6979482004709048,0.6793326565601135,0.6586648637663209,0.6669011126352495
0.1,0.25,0.2,0.45,0.6979482004709048,0.6838607320534663,0.6564472243590382,0.6668876070573097
0.2,0.25,0.5,0.05,0.6976118398923646,0.6750845006848311,0.6607044412229526,0.6668616167055361
0.15,0.55,0.25,0.05,0.7003027245206862,0.6676013261252768,0.6663222922349552,0.6668388375115837
0.05,0.4,0.4,0.15,0.6989572822065254,0.6751862099842108,0.6604958877474598,0.6668223909538125
0.05,0.35,0.5,0.1,0.698284561049445,0.6763712000968392,0.6598649013493381,0.6667960488237545
0.05,0.4,0.45,0.1,0.6996300033636058,0.6748013360302461,0.660736267987168,0.6667922014318368
0.35,0.1,0.05,0.5,0.6969391187352842,0.6851483547112506,0.6566204419458501,0.6667890748757783
0.05,0.3,0.5,0.15,0.6989572822065254,0.67819777782682,0.6588211206785449,0.6667885135124791
0.1,0.1,0.5,0.3,0.6972754793138244,0.6814996407475047,0.6567982501985226,0.6667866329380555
0.15,0.35,0.1,0.4,0.6976118398923646,0.6795123881634137,0.6587071579605264,0.6667548384520511
0.25,0.2,0.5,0.05,0.6962663975782039,0.6754181460808372,0.6602295053069497,0.6667333091203295
0.3,0.55,0.1,0.05,0.6996300033636058,0.6637410439798249,0.6711351510686729,0.6667309028187679
0.2,0.4,0.05,0.35,0.6962663975782039,0.6769152981091919,0.6604152839720963,0.6667295160926321
0.1,0.25,0.45,0.2,0.6986209216279852,0.6789672496109674,0.6581165950852481,0.6666771184164582
0.1,0.3,0.45,0.15,0.6986209216279852,0.6770986814612544,0.6591870648083732,0.6666722057411529
0.2,0.1,0.45,0.25,0.6976118398923646,0.6794535810889358,0.6576894345010988,0.6666589434395931
0.25,0.5,0.05,0.2,0.6979482004709048,0.6681976378438574,0.666143902219037,0.6665812497907722
0.2,0.15,0.15,0.5,0.6962663975782039,0.684853366793611,0.6558605960190864,0.6665310236017327
0.05,0.5,0.2,0.25,0.6996300033636058,0.6735118524549749,0.6614808890380414,0.6665293981495201
0.1,0.55,0.15,0.2,0.7003027245206862,0.668812629912722,0.6649745075804032,0.6664756533853461
0.15,0.2,0.15,0.5,0.6969391187352842,0.6847905392803348,0.6557717951078028,0.6664550591602275
0.35,0.55,0.05,0.05,0.6979482004709048,0.6631119537403686,0.6716362811917013,0.6664307565856452
0.1,0.25,0.15,0.5,0.6972754793138244,0.6855129931996272,0.6553712734982649,0.666420511963631
0.3,0.5,0.15,0.05,0.6989572822065254,0.6643603705186167,0.6691775879306828,0.6663914225575107
0.05,0.55,0.25,0.15,0.7003027245206862,0.669518926972234,0.663908250380151,0.666370021873524
0.15,0.55,0.15,0.15,0.6996300033636058,0.6667143627712334,0.6667517384736722,0.6663677716891278
0.15,0.05,0.5,0.3,0.696602758156744,0.6815791205195024,0.6561151042327917,0.6663644508596044
0.1,0.55,0.25,0.1,0.6996300033636058,0.6681364112957999,0.6649481118761156,0.6663301973948161
0.2,0.1,0.5,0.2,0.6969391187352842,0.6786549075963427,0.657620622967444,0.6663004218572991
0.05,0.3,0.55,0.1,0.6962663975782039,0.6765104378148411,0.6589802152242025,0.6662870921680444
0.2,0.55,0.1,0.15,0.698284561049445,0.6660308866335133,0.6675685084697836,0.6662804950135546
0.3,0.55,0.05,0.1,0.6976118398923646,0.6636774852164433,0.670591110270971,0.6662709448168674
0.2,0.45,0.05,0.3,0.6986209216279852,0.673266146990409,0.6619447911213066,0.6662687704560244
0.05,0.1,0.45,0.4,0.6962663975782039,0.6860875689390218,0.6539051815400043,0.666234868102862
0.1,0.15,0.25,0.5,0.6962663975782039,0.6863377393937536,0.6542321639543673,0.6662131944829404
0.05,0.5,0.15,0.3,0.698284561049445,0.6735119911423846,0.661117230562781,0.6661876963008383
0.05,0.15,0.4,0.4,0.6972754793138244,0.6848651397541325,0.6544687466544086,0.6661707398045207
0.1,0.35,0.4,0.15,0.6976118398923646,0.6753374157043777,0.6593087095236645,0.6661504658627528
0.1,0.35,0.5,0.05,0.6969391187352842,0.6740750819222464,0.6601831202250332,0.6661432377779932
0.05,0.05,0.4,0.5,0.6949209552640431,0.690648798485497,0.6519457630911504,0.6661429952534765
0.25,0.5,0.15,0.1,0.698284561049445,0.6655774051391539,0.6672702789717173,0.6661214278109426
0.3,0.15,0.5,0.05,0.6952573158425832,0.6751216125540843,0.6593925444359472,0.6661102699688103
0.05,0.35,0.25,0.35,0.6996300033636058,0.6808049632123706,0.6565219320135474,0.6660854858871829
0.05,0.2,0.3,0.45,0.696602758156744,0.6854478772748376,0.6542456551545555,0.6660746941290787
0.25,0.1,0.15,0.5,0.6952573158425832,0.6849288647501256,0.6550236351480839,0.6660318123493731
0.05,0.35,0.55,0.05,0.696602758156744,0.6752832371420987,0.6592958550972856,0.6660254677955918
0.15,0.25,0.5,0.1,0.696602758156744,0.6754423234290634,0.6591128222147905,0.6660196230023955
0.3,0.15,0.05,0.5,0.6962663975782039,0.6848257117795354,0.6554811606890703,0.6660148037818939
0.05,0.35,0.45,0.15,0.6989572822065254,0.6759476269262119,0.6587826240240064,0.6659752225489763
0.1,0.2,0.2,0.5,0.6969391187352842,0.6848338808807581,0.654718907472577,0.6659683813486629
0.1,0.05,0.5,0.35,0.6945845946855028,0.6838626138665901,0.6543853970963934,0.6659668524010638
0.15,0.15,0.6,0.1,0.6952573158425832,0.6768826649183803,0.6580584226944657,0.6658822796897252
0.15,0.1,0.5,0.25,0.6969391187352842,0.6791508409646699,0.6566656432079345,0.6658739629100402
0.25,0.55,0.15,0.05,0.6976118398923646,0.6631893861261237,0.669478518066523,0.6658267472722147
0.05,0.05,0.45,0.45,0.6952573158425832,0.6871620576039805,0.6528294023921135,0.6658167221899368
0.1,0.4,0.1,0.4,0.6955936764211235,0.6784692048964498,0.657787894355681,0.6657958388207762
0.2,0.05,0.5,0.25,0.6962663975782039,0.6799329119009676,0.6560979872058192,0.6657876878378758
0.05,0.2,0.25,0.5,0.6969391187352842,0.6854918408926501,0.6540836584738616,0.6657734562338607
0.05,0.15,0.3,0.5,0.696602758156744,0.6864206479287309,0.6534140037083189,0.6657359282547708
0.1,0.45,0.1,0.35,0.6972754793138244,0.6755746358478995,0.6594274103308584,0.6657334783504645
0.4,0.05,0.5,0.05,0.6952573158425832,0.6752878419745822,0.6585954704694205,0.6656837683580981
0.1,0.55,0.2,0.15,0.6992936427850656,0.6674827438250442,0.6644745662100497,0.6656791024036373
0.05,0.3,0.45,0.2,0.6986209216279852,0.677583183697875,0.657340729033405,0.66567060082918
0.3,0.1,0.5,0.1,0.6955936764211235,0.6758934096152813,0.6580755397214382,0.6656012209599758
0.15,0.15,0.2,0.5,0.6959300369996636,0.6841674709752938,0.6544747797709227,0.66558513350749
0.15,0.25,0.1,0.5,0.6959300369996636,0.6833864823836944,0.6553909695278494,0.6655498636600694
0.25,0.55,0.1,0.1,0.6979482004709048,0.6635892911206878,0.668817970265413,0.6655454936888278
0.25,0.5,0.2,0.05,0.6989572822065254,0.6657892165899946,0.6656894505259695,0.6655269722926133
0.05,0.1,0.3,0.55,0.6955936764211235,0.6880975246077051,0.6524018483044788,0.6654957102811305
0.1,0.05,0.3,0.55,0.6942482341069627,0.6884496085605744,0.6520848181814585,0.6654829365750576
0.1,0.05,0.45,0.4,0.6952573158425832,0.6855591564097638,0.6530258048396347,0.665480730948846
0.2,0.15,0.5,0.15,0.696602758156744,0.6764525599649864,0.6576459217698387,0.6654764658321537
0.05,0.3,0.2,0.45,0.696602758156744,0.6821062806343654,0.6552388382205592,0.6654648861455756
0.2,0.3,0.05,0.45,0.6962663975782039,0.6796644908556494,0.657165671496227,0.6654572156004619
0.1,0.55,0.1,0.25,0.698284561049445,0.669113328917284,0.663044478821655,0.6654337871083674
0.1,0.15,0.5,0.25,0.696602758156744,0.6782546875115916,0.6564733316481244,0.6654245150308672
0.05,0.05,0.5,0.4,0.6949209552640431,0.685166643611048,0.6530086878126623,0.6653788194514079
0.25,0.2,0.05,0.5,0.6959300369996636,0.6836105276267175,0.6552330637348666,0.6653618430357875
0.15,0.25,0.55,0.05,0.6952573158425832,0.6752375616704884,0.6581432543532001,0.6653053519902657
0.25,0.15,0.1,0.5,0.6959300369996636,0.6845387498220618,0.6545381101669292,0.6652714791614768
0.05,0.1,0.5,0.35,0.6945845946855028,0.6820574511297474,0.6541850754740435,0.665234848514428
0.2,0.35,0.05,0.4,0.6955936764211235,0.6773157898313396,0.65804370802438,0.6651904068014208
0.05,0.3,0.15,0.5,0.6962663975782039,0.6847782832648718,0.6538605669740085,0.6651439619335795
0.2,0.25,0.05,0.5,0.6962663975782039,0.6823168951666643,0.6555447844331209,0.6651041117956562
0.05,0.1,0.4,0.45,0.6949209552640431,0.684890173025778,0.6528795349359763,0.665087299409006
0.15,0.05,0.25,0.55,0.6942482341069627,0.6868935153023032,0.6524042555942084,0.6650751278131162
0.15,0.6,0.15,0.1,0.6976118398923646,0.6627702672492652,0.6685659541363808,0.6650509652119717
0.05,0.15,0.5,0.3,0.6959300369996636,0.6787474798920554,0.6555898640600436,0.6650478724276812
0.1,0.3,0.55,0.05,0.6955936764211235,0.674010233385379,0.658476182966138,0.6650441458364735
0.05,0.55,0.2,0.2,0.698284561049445,0.6689223474086837,0.6620725036703348,0.6650306276857013
0.2,0.6,0.15,0.05,0.6969391187352842,0.6617076818407517,0.6696655202015672,0.6650167777884691
0.2,0.5,0.05,0.25,0.6969391187352842,0.669634792942112,0.6622113154903193,0.6649887430165028
0.35,0.1,0.5,0.05,0.6942482341069627,0.6744974992307822,0.6579588312207679,0.6649690383225761
0.15,0.45,0.05,0.35,0.6955936764211235,0.673006800840346,0.660030660852476,0.6649187629183354
0.3,0.1,0.1,0.5,0.6955936764211235,0.6836435397602576,0.6543630873469739,0.664917423448455
0.2,0.55,0.2,0.05,0.6986209216279852,0.6640310341150067,0.666188173359268,0.6648754676371353
0.05,0.6,0.3,0.05,0.696602758156744,0.66564366037014,0.6641178208954363,0.6647989257765801
0.1,0.6,0.1,0.2,0.6976118398923646,0.6653554344553911,0.6653163416605115,0.6647905997152771
0.15,0.15,0.5,0.2,0.6962663975782039,0.67666586483703,0.6563792213120749,0.6647766582446281
0.35,0.05,0.55,0.05,0.6945845946855028,0.674888213084465,0.6573540688140512,0.6647401732771732
0.05,0.45,0.15,0.35,0.6959300369996636,0.6759730670074087,0.6571912636466659,0.6647217553088439
0.15,0.55,0.2,0.1,0.6979482004709048,0.6649342737658483,0.6649506908787275,0.6647180749162942
0.1,0.1,0.25,0.55,0.6942482341069627,0.685682752322734,0.6524042555942084,0.6646787163171226
0.2,0.1,0.55,0.15,0.6952573158425832,0.6764747674896067,0.6563314960579418,0.6646782423631743
0.1,0.25,0.6,0.05,0.693239152371342,0.6751525738504682,0.6571006624350818,0.6646679149547692
0.3,0.1,0.55,0.05,0.6949209552640431,0.6751482054752186,0.657034459688419,0.6645882398780278
0.15,0.05,0.55,0.25,0.6945845946855028,0.6788812983299083,0.6548339873858293,0.6645815261565235
0.4,0.5,0.05,0.05,0.6969391187352842,0.6613496446593052,0.6694133323596526,0.6645097164808613
0.05,0.4,0.15,0.4,0.6945845946855028,0.6782479484564266,0.6556843546620764,0.664495522408342
0.1,0.35,0.1,0.45,0.6942482341069627,0.6795109459183346,0.6555938701528113,0.6644865336954404
0.25,0.05,0.55,0.15,0.6939118735284224,0.6764370720628188,0.6559335534510158,0.6644408259825789
0.1,0.2,0.5,0.2,0.696602758156744,0.6764635624127467,0.6560171963570753,0.6644391610150325
0.1,0.3,0.1,0.5,0.6939118735284224,0.6821486575527633,0.6543735046992434,0.6644227414544452
0.2,0.2,0.55,0.05,0.6939118735284224,0.6746248382578651,0.6571139819223873,0.6644150254589851
0.1,0.25,0.55,0.1,0.6945845946855028,0.6749091082657978,0.6568806447831474,0.6643907346363054
0.2,0.05,0.55,0.2,0.6945845946855028,0.6779676463261306,0.654991893178812,0.6643372941672674
0.15,0.2,0.55,0.1,0.6942482341069627,0.6751726480449346,0.6566074207394315,0.6643146452684279
0.15,0.2,0.5,0.15,0.6959300369996636,0.6757188471366963,0.6561869097522647,0.6643013472593029
0.25,0.1,0.6,0.05,0.6942482341069627,0.6750051415367397,0.6567268298778757,0.6642778375516187
0.2,0.15,0.1,0.55,0.6935755129498823,0.6849230717245265,0.653068307586941,0.6642682665032402
0.3,0.05,0.55,0.1,0.6942482341069627,0.6753146095130622,0.6563301058080047,0.664245634602096
0.05,0.25,0.6,0.1,0.693239152371342,0.6751842767108512,0.6564654134363664,0.664235399908939
0.05,0.3,0.6,0.05,0.6935755129498823,0.6744246220055227,0.6567386374800823,0.6641308000046107
0.15,0.2,0.6,0.05,0.6925664312142616,0.6745422287834104,0.6565966301770173,0.664109195295491
0.05,0.2,0.55,0.2,0.6952573158425832,0.6757112094111971,0.6557386628885936,0.6640049511493586
0.05,0.05,0.35,0.55,0.6925664312142616,0.6881333974058691,0.6500025364802582,0.6639835225657069
0.1,0.25,0.5,0.15,0.696602758156744,0.675065403632547,0.6561193167556646,0.6639641150060359
0.05,0.15,0.25,0.55,0.6939118735284224,0.6850615237751039,0.6515939837755378,0.6639630689354661
0.25,0.6,0.05,0.1,0.6959300369996636,0.6611821668985913,0.6686148681431886,0.6639489379799843
0.2,0.1,0.6,0.1,0.6935755129498823,0.6751982544899429,0.6559242747737006,0.6639135882332852
0.05,0.25,0.2,0.5,0.6955936764211235,0.6824247099187769,0.6529137689899212,0.6639088787103689
0.2,0.55,0.15,0.1,0.696602758156744,0.6627005416553944,0.665809876704206,0.6638656373524479
0.05,0.25,0.5,0.2,0.6955936764211235,0.6761308397305148,0.655239940055295,0.6638076449104955
0.1,0.1,0.55,0.25,0.6952573158425832,0.6766868614125826,0.6547836831290842,0.6637538167991442
0.2,0.05,0.2,0.55,0.6925664312142616,0.685536841337517,0.6513363648736955,0.6637416985157395
0.05,0.55,0.15,0.25,0.6972754793138244,0.6679801127148051,0.6607964029000939,0.6637396677496166
0.1,0.25,0.1,0.55,0.6935755129498823,0.6831638667843303,0.6531492200708467,0.663737921187028
0.2,0.6,0.1,0.1,0.696602758156744,0.6613087397593322,0.6677674899199169,0.6637332399343534
0.2,0.2,0.5,0.1,0.6952573158425832,0.6735759898553094,0.6565954414243425,0.6637236982152438
0.2,0.15,0.55,0.1,0.6939118735284224,0.673938160396715,0.656235995471955,0.6636527998999326
0.25,0.1,0.55,0.1,0.6942482341069627,0.6748446241128013,0.6556563601547507,0.6636155983755478
0.05,0.55,0.1,0.3,0.6955936764211235,0.6691461149332225,0.6597748471837769,0.6634412470606827
0.25,0.15,0.5,0.1,0.6939118735284224,0.6733620632068477,0.6562187067321001,0.6634230972982518
0.05,0.05,0.55,0.35,0.6929027917928019,0.6801513948552049,0.6524225245336372,0.6634134245267018
0.15,0.4,0.05,0.4,0.6942482341069627,0.6751983468968809,0.6563618978549972,0.6633651911908108
0.15,0.35,0.05,0.45,0.6939118735284224,0.6766598650577644,0.6557940701399994,0.663344397574446
0.05,0.15,0.55,0.25,0.6939118735284224,0.6761608866935251,0.6543684517823033,0.6633373788303255
0.25,0.05,0.15,0.55,0.6922300706357215,0.6841258902537319,0.6515962694301056,0.663333659611955
0.1,0.2,0.6,0.1,0.6929027917928019,0.674466328754143,0.6554972358247133,0.6633287284535667
0.25,0.6,0.1,0.05,0.6952573158425832,0.6596134057803096,0.6688576556726263,0.663326027460069
0.05,0.25,0.55,0.15,0.6939118735284224,0.6740406513598707,0.6556643702172905,0.6632859584082915
0.05,0.2,0.5,0.25,0.6949209552640431,0.6759531098605543,0.6543988882965814,0.6632402910756893
0.25,0.15,0.55,0.05,0.6935755129498823,0.6730519270323231,0.6561458043107342,0.6632261974251711
0.1,0.15,0.6,0.15,0.6922300706357215,0.6753551297777711,0.6546907615457094,0.6632156224646395
0.1,0.15,0.55,0.2,0.6945845946855028,0.6758118406053242,0.6544799724933695,0.6632034665874575
0.15,0.15,0.15,0.55,0.6929027917928019,0.6845815976065326,0.6512937773314458,0.6631531561368615
0.15,0.2,0.1,0.55,0.6935755129498823,0.6839842990575074,0.651819017504194,0.6631523272471874
0.25,0.55,0.05,0.15,0.6955936764211235,0.6619636526540602,0.665467547778791,0.6630626890570943
0.3,0.05,0.6,0.05,0.6929027917928019,0.6735509373372395,0.6554972358247133,0.6630136447628511
0.1,0.2,0.65,0.05,0.6918937100571813,0.6736521783593641,0.6553764364363317,0.6629955665633985
0.25,0.05,0.6,0.1,0.6925664312142616,0.673940952255443,0.655044898073331,0.6629117132371403
0.3,0.6,0.05,0.05,0.6945845946855028,0.6590688642559294,0.6689967107629345,0.6629105905014803
0.05,0.1,0.55,0.3,0.693239152371342,0.6764819421786578,0.6534889033690512,0.6628994989793205
0.1,0.05,0.55,0.3,0.693239152371342,0.6777927244240998,0.6528112385409687,0.6628788719435537
0.05,0.2,0.6,0.15,0.6925664312142616,0.67500820726567,0.6544520649039829,0.6628659364917451
0.15,0.6,0.1,0.15,0.6962663975782039,0.6616304728257247,0.6652514993794059,0.6628332841613157
0.05,0.6,0.25,0.1,0.6969391187352842,0.6629400775186528,0.6627065341319953,0.6626491880959645
0.15,0.1,0.2,0.55,0.6925664312142616,0.68360557901069,0.6506838271351252,0.6626404283228368
0.15,0.3,0.05,0.5,0.6929027917928019,0.6785444868260573,0.6535499133932671,0.6625327095425442
0.3,0.05,0.1,0.55,0.6922300706357215,0.6827213395613971,0.6513613703280459,0.6625198752188317
0.2,0.05,0.6,0.15,0.6925664312142616,0.6742490744651927,0.6541111262285052,0.6624561496386598
0.15,0.5,0.05,0.3,0.6942482341069627,0.6682037407948237,0.6590995896454239,0.6624435177854522
0.05,0.05,0.6,0.3,0.6925664312142616,0.6775404506795627,0.6522435825388534,0.6624035766454727
0.2,0.1,0.15,0.55,0.6922300706357215,0.6829598630109223,0.6508455304677747,0.6623655367637842
0.15,0.1,0.6,0.15,0.6918937100571813,0.6747322170586689,0.6537052951942013,0.6623452621154173
0.05,0.6,0.15,0.2,0.6962663975782039,0.6638736142253155,0.6616015370068811,0.6623307118308496
0.15,0.1,0.55,0.2,0.693239152371342,0.6752970402154,0.6533870763185061,0.6623201602889289
0.05,0.25,0.65,0.05,0.6915573494786411,0.6734885073598538,0.6544506746540457,0.6623179563197541
0.1,0.1,0.6,0.2,0.6925664312142616,0.67501351312607,0.6534546693151062,0.6622836650216045
0.1,0.05,0.6,0.25,0.6922300706357215,0.6757918128349231,0.6529041303399634,0.6622552567488232
0.25,0.1,0.1,0.55,0.6918937100571813,0.6827856676403965,0.6509899450605694,0.6622145342547572
0.15,0.15,0.55,0.15,0.693239152371342,0.673254019508425,0.6541629423703493,0.6620837840017736
0.05,0.15,0.6,0.2,0.6922300706357215,0.6747230644129764,0.6533220623245182,0.6620793697402828
0.05,0.1,0.6,0.25,0.6918937100571813,0.6754316868643776,0.6527330266948369,0.6620085312741769
0.25,0.05,0.65,0.05,0.6915573494786411,0.6724369842310697,0.6544082588246785,0.6619137976663139
0.2,0.1,0.65,0.05,0.6912209889001009,0.6726236213581136,0.6542968597487742,0.661876350498766
0.1,0.15,0.2,0.55,0.6918937100571813,0.682255490656595,0.650158586962377,0.6618662474606868
0.05,0.6,0.1,0.25,0.6949209552640431,0.663802195204727,0.661032319041946,0.6618337012895813
0.1,0.4,0.05,0.45,0.6922300706357215,0.6748398026916037,0.6544703657507873,0.6617888500227469
0.1,0.2,0.55,0.15,0.6935755129498823,0.6730453795641667,0.6538818298992555,0.6617785827768723
0.15,0.05,0.6,0.2,0.6922300706357215,0.6742255683180063,0.6530832440476297,0.6617781621319782
0.15,0.15,0.65,0.05,0.6912209889001009,0.6721333690874137,0.654237155179552,0.6616740691874495
0.05,0.4,0.1,0.45,0.6918937100571813,0.6762853571219156,0.6529902674536916,0.6616406876853688
0.1,0.65,0.1,0.15,0.6949209552640431,0.6599736761047197,0.6647804826382315,0.6616311800342409
0.1,0.6,0.25,0.05,0.6945845946855028,0.6604170710520589,0.6630367323227794,0.6615601851708532
0.15,0.1,0.65,0.1,0.6902119071644803,0.6731007679034855,0.653255658080593,0.6614511003176561
0.1,0.6,0.2,0.1,0.6952573158425832,0.6601960523005176,0.6633058654787841,0.66141050995909
0.15,0.6,0.2,0.05,0.6952573158425832,0.6593992110025845,0.6640778123557987,0.6613709751423344
0.25,0.15,0.05,0.55,0.6918937100571813,0.6823597577862056,0.6497618628925059,0.6612085205804141
0.05,0.2,0.2,0.55,0.6922300706357215,0.6824718268013613,0.649024615130363,0.6610582956057477
0.05,0.6,0.2,0.15,0.6949209552640431,0.6617815420573169,0.6609092840767175,0.6610563222136006
0.05,0.2,0.65,0.1,0.6898755465859401,0.6739119720796798,0.6522144063346914,0.6610321918437672
0.2,0.05,0.65,0.1,0.6898755465859401,0.672449649003878,0.652845736158578,0.6609964551218139
0.1,0.1,0.65,0.15,0.6908846283215607,0.6735103154804655,0.652331286548244,0.660984669437115
0.2,0.15,0.6,0.05,0.6905482677430205,0.6710882581086068,0.6536522104375817,0.660927244501555
0.1,0.2,0.15,0.55,0.6918937100571813,0.6818710231904703,0.6493096467762856,0.6609126330587115
0.15,0.05,0.65,0.15,0.6905482677430205,0.6737036995880963,0.6520195658499897,0.6608428413204761
0.1,0.6,0.15,0.15,0.6945845946855028,0.6600004804332188,0.6624821024599256,0.6607783039807243
0.05,0.45,0.1,0.4,0.6918937100571813,0.6713693980782364,0.6540992338313552,0.6606831186297976
0.15,0.55,0.05,0.25,0.6939118735284224,0.6637618949476921,0.6591421771876735,0.6606583045530714
0.1,0.05,0.65,0.2,0.6918937100571813,0.6740280131711812,0.6516031457505339,0.6606530761702396
0.1,0.5,0.05,0.35,0.6918937100571813,0.6678146363268969,0.6563977857225436,0.6606209170518951
0.1,0.15,0.65,0.1,0.6902119071644803,0.6721232369865243,0.6525261270329458,0.6606156565967525
0.3,0.1,0.05,0.55,0.6905482677430205,0.6814407801855985,0.6492830078016743,0.6605803394410128
0.35,0.05,0.05,0.55,0.6905482677430205,0.6813109816817041,0.6492405919723072,0.6605283061952718
0.2,0.55,0.05,0.2,0.6939118735284224,0.6603108387257983,0.6616198427865284,0.6603547407379946
0.05,0.45,0.05,0.45,0.6905482677430205,0.6733630311457859,0.6530484601378146,0.6603468139575805
0.15,0.65,0.1,0.1,0.693239152371342,0.6574781086201084,0.6650085103527058,0.6602976482440674
0.1,0.55,0.05,0.3,0.6918937100571813,0.6653696248059376,0.6573276383925408,0.6602482743480708
0.1,0.45,0.05,0.4,0.6912209889001009,0.6709165050739134,0.6539280085510668,0.6601633229170503
0.05,0.5,0.1,0.35,0.6925664312142616,0.6682789478878534,0.6549827014194359,0.66013528786763
0.2,0.65,0.1,0.05,0.6915573494786411,0.6556492372690551,0.6672153591975742,0.6600712745632163
0.2,0.6,0.05,0.15,0.6925664312142616,0.658551502652328,0.6629739539056385,0.6599928858363644
0.05,0.15,0.65,0.15,0.6898755465859401,0.6721123565660134,0.6514943256772416,0.6599484820061027
0.05,0.25,0.15,0.55,0.6912209889001009,0.6801567392818144,0.6486862053797768,0.6598886245422797
0.05,0.65,0.2,0.1,0.6942482341069627,0.6584900171583555,0.6617951589545278,0.6597964829894709
0.05,0.35,0.1,0.5,0.6908846283215607,0.6770451295596882,0.6499183784355514,0.6596334415737674
0.05,0.65,0.15,0.15,0.6935755129498823,0.6584374883630219,0.6617260540728287,0.6595677944619787
0.15,0.6,0.05,0.2,0.6918937100571813,0.6590960694490913,0.6612549156964926,0.6594507943194368
0.05,0.1,0.65,0.2,0.6902119071644803,0.6727168864454903,0.6502409447067834,0.6593159166106268
0.2,0.2,0.05,0.55,0.6902119071644803,0.6799456624848067,0.6482417560557727,0.659299636879402
0.1,0.65,0.15,0.1,0.693239152371342,0.6570350710296302,0.6628600259048427,0.6592928906918701
0.05,0.55,0.05,0.35,0.6902119071644803,0.6659002926163191,0.6556747528523371,0.6592883169084942
0.1,0.35,0.05,0.5,0.6905482677430205,0.6743433651262104,0.6508481094703867,0.659156416173123
0.05,0.05,0.7,0.2,0.6892028254288597,0.6735680605206634,0.6495233929742251,0.6591127728892444
0.15,0.65,0.15,0.05,0.6915573494786411,0.6551138075119476,0.6645934507188074,0.6590076124920862
0.05,0.05,0.3,0.6,0.6885301042717793,0.6834383307047696,0.6451107992422195,0.6589298768114529
0.25,0.05,0.05,0.65,0.6881937436932392,0.6810522926226944,0.6469218492062274,0.65855491407344
0.1,0.1,0.2,0.6,0.6888664648503195,0.6816396894394101,0.6459207777128457,0.6585468332338925
0.05,0.65,0.25,0.05,0.6925664312142616,0.6566865222130747,0.6606293603582986,0.6583866936168095
0.15,0.1,0.7,0.05,0.6885301042717793,0.6692190061630241,0.6506692940436075,0.6583190658173798
0.05,0.05,0.65,0.25,0.6895391860073999,0.6725431742095891,0.6487819326892095,0.6583109349261244
0.1,0.05,0.7,0.15,0.6871846619576185,0.6715599467372562,0.6491796737988731,0.6582661706133723
0.1,0.15,0.7,0.05,0.6881937436932392,0.6694770225382769,0.6504557745691137,0.6582653781800976
0.05,0.1,0.7,0.15,0.6878573831146989,0.6716761713071676,0.64918907411135,0.6582618394580245
0.25,0.1,0.05,0.6,0.6881937436932392,0.6807979062105928,0.6464060093459563,0.6582319779715763
0.15,0.05,0.7,0.1,0.6875210225361588,0.6691409692726342,0.6501439322356977,0.6580732197670719
0.25,0.05,0.1,0.6,0.6885301042717793,0.6801495331404843,0.6461594743545723,0.6580622503245855
0.15,0.25,0.05,0.55,0.6885301042717793,0.677456935756981,0.6475705894051309,0.6580527349347954
0.05,0.65,0.1,0.2,0.6918937100571813,0.6574791216864057,0.6599883368738907,0.6580308179573487
0.1,0.6,0.05,0.25,0.6905482677430205,0.659565389649097,0.6578846755451243,0.6580153705877269
0.2,0.1,0.05,0.65,0.6875210225361588,0.6801830079774356,0.6463581123789408,0.6578380488739911
0.3,0.05,0.05,0.6,0.6878573831146989,0.6800495073989212,0.6461115773875569,0.6577900211943952
0.1,0.65,0.2,0.05,0.6918937100571813,0.6551157486334361,0.6614304035773746,0.6577808829634989
0.05,0.2,0.7,0.05,0.6878573831146989,0.6686352701228295,0.6501055572163209,0.6577432746349374
0.15,0.05,0.2,0.6,0.6871846619576185,0.679848446929122,0.6452708189768875,0.6575705994791026
0.2,0.65,0.05,0.1,0.6888664648503195,0.6541497724778879,0.6633528943903482,0.6575448018401212
0.1,0.1,0.75,0.05,0.6871846619576185,0.6690858991982008,0.6495418203890343,0.6575370002697123
0.15,0.2,0.05,0.6,0.6868483013790784,0.6783761166956112,0.6461871804466968,0.6574802986018141
0.05,0.6,0.05,0.3,0.6895391860073999,0.6610144117612877,0.6556405187983921,0.6574577797460903
0.05,0.7,0.1,0.15,0.6905482677430205,0.6550770538171066,0.661142126370651,0.6573255955277479
0.15,0.15,0.1,0.6,0.6878573831146989,0.6792328401043756,0.6455784487874308,0.6572965452703501
0.2,0.15,0.05,0.6,0.6875210225361588,0.6787542636114109,0.6459019770878918,0.6572603241433
0.2,0.1,0.1,0.6,0.6878573831146989,0.6792511147660169,0.6455187442182087,0.6572356733489799
0.1,0.3,0.05,0.55,0.6875210225361588,0.675086790907709,0.6474670787566044,0.6571496042700211
0.05,0.65,0.05,0.25,0.6892028254288597,0.658100752154816,0.6575503566822491,0.6570803900667798
0.15,0.05,0.75,0.05,0.6865119408005381,0.6685580788945553,0.6489356677323805,0.656972160968669
0.05,0.15,0.75,0.05,0.6878573831146989,0.6687903122996793,0.6488947637881123,0.6569295082212463
0.2,0.05,0.7,0.05,0.6865119408005381,0.666912663472746,0.6495921246457794,0.656825884699719
0.2,0.05,0.15,0.6,0.6875210225361588,0.6790259550475448,0.6447469690540766,0.656821362972948
0.05,0.4,0.05,0.5,0.6888664648503195,0.6715501167635693,0.6487312502894766,0.6567626310713728
0.1,0.2,0.1,0.6,0.6888664648503195,0.6791520542334368,0.6450082137827036,0.6567443970341365
0.15,0.1,0.15,0.6,0.6868483013790784,0.6802360930850917,0.6441274468323965,0.6567272502839795
0.15,0.7,0.1,0.05,0.6881937436932392,0.6520320615947405,0.6639327014204349,0.6565764090893191
0.1,0.05,0.75,0.1,0.686175580221998,0.6685780948914537,0.6479462822060436,0.6563465086755315
0.1,0.1,0.7,0.1,0.686175580221998,0.6685798541837864,0.6478480809822831,0.6562985690805473
0.05,0.15,0.7,0.1,0.6865119408005381,0.6678924926305877,0.6482195062497595,0.6562984234736771
0.05,0.2,0.15,0.6,0.6878573831146989,0.678918556347171,0.6442733733102904,0.656252337001435
0.05,0.3,0.1,0.55,0.6875210225361588,0.6759203929028228,0.6454843384513812,0.6562035451691873
0.1,0.7,0.1,0.1,0.6888664648503195,0.6525020043078682,0.6620399805635504,0.6560940867609754
0.1,0.15,0.15,0.6,0.6871846619576185,0.6791985535454819,0.643705717308175,0.6560342821547724
0.15,0.15,0.05,0.65,0.6868483013790784,0.6784942232208524,0.6444429650703178,0.655992460131357
0.1,0.05,0.25,0.6,0.686175580221998,0.6798107207845994,0.6426899360775505,0.6559017933670866
0.15,0.65,0.05,0.15,0.6888664648503195,0.6534691690972925,0.6599975356891051,0.6558283426616428
0.05,0.1,0.25,0.6,0.6865119408005381,0.6791909751552642,0.6428822476373607,0.6557765478941369
0.05,0.7,0.15,0.1,0.6895391860073999,0.6528933263177678,0.6600242247414372,0.6557013764679752
0.05,0.5,0.05,0.4,0.6871846619576185,0.6644671314492734,0.650639869636279,0.6555559965551927
0.05,0.35,0.05,0.55,0.6868483013790784,0.673552627220148,0.6460677713082525,0.6555540917821923
0.25,0.65,0.05,0.05,0.6871846619576185,0.6508751638667172,0.6634575937915494,0.6555281406549922
0.1,0.05,0.8,0.05,0.6858392196434577,0.6676713239430919,0.6471014329076632,0.6553966396181159
0.1,0.7,0.15,0.05,0.6881937436932392,0.6509435896001732,0.6617708474075457,0.6552414439701476
0.1,0.65,0.05,0.2,0.6885301042717793,0.654139192713553,0.6579549691794983,0.6552308155545662
0.05,0.05,0.75,0.15,0.6851664984863775,0.6685075385196824,0.6461755494902153,0.6551854104635293
0.1,0.25,0.05,0.6,0.6855028590649176,0.6750401234678994,0.6444032498787244,0.6550878219742129
0.05,0.1,0.75,0.1,0.6855028590649176,0.6670709215092804,0.6466875918108195,0.6549787350685301
0.05,0.05,0.8,0.1,0.6858392196434577,0.6677991395179262,0.6464064793397258,0.6549613621446873
0.05,0.05,0.85,0.05,0.6858392196434577,0.6671590197281754,0.6464661839089479,0.6547491795364151
0.1,0.15,0.1,0.65,0.686175580221998,0.6781488358127145,0.6425741527658907,0.6546561588403672
0.05,0.15,0.2,0.6,0.6851664984863775,0.6767015544697961,0.6423263992374519,0.6545433405977744
0.2,0.05,0.05,0.7,0.6838210561722167,0.6776712215933092,0.6425461235413422,0.6543966741691749
0.05,0.1,0.8,0.05,0.6851664984863775,0.6667436442995293,0.6458812391669777,0.6542566710454877
0.05,0.25,0.1,0.6,0.6855028590649176,0.6753278233269953,0.6429536381736274,0.6541738188134985
0.05,0.2,0.1,0.65,0.6848301379078372,0.6778808360087066,0.6415197532455658,0.6538971559460212
0.1,0.2,0.05,0.65,0.6841574167507568,0.6763298526018986,0.6422822998101032,0.6538810912024571
0.05,0.7,0.05,0.2,0.6865119408005381,0.6519405960442343,0.6571378259732421,0.6536821199794185
0.05,0.05,0.25,0.65,0.6831483350151363,0.679584522166378,0.639842033963894,0.6536535696010201
0.2,0.05,0.1,0.65,0.6834846955936764,0.6762155159570076,0.6410660252442464,0.6531044343518045
0.2,0.7,0.05,0.05,0.6844937773292971,0.6480305263955102,0.6614414647592914,0.6530255538731508
0.05,0.1,0.2,0.65,0.682811974436596,0.6770443866197343,0.6401443543496714,0.6530064264869705
0.05,0.15,0.1,0.7,0.682811974436596,0.6772000454944149,0.6404252951078827,0.6528855847522239
0.15,0.1,0.1,0.65,0.6841574167507568,0.6758705104065451,0.6409387276784243,0.6528425676593532
0.05,0.7,0.2,0.05,0.6865119408005381,0.6492316776872875,0.657752160405318,0.652830803636202
0.15,0.05,0.15,0.65,0.6834846955936764,0.6762398722851279,0.6404307762455311,0.6527738502822198
0.1,0.7,0.05,0.15,0.6851664984863775,0.6494486013779395,0.6581722063315583,0.6526746448558681
0.05,0.15,0.15,0.65,0.6838210561722167,0.6762606397920322,0.6400899592052153,0.6524990537167137
0.15,0.7,0.05,0.1,0.6848301379078372,0.6485045488941062,0.6588924587018903,0.6523041320285076
0.05,0.75,0.1,0.1,0.6858392196434577,0.6482911846633161,0.658932345606366,0.65221974545123
0.1,0.05,0.2,0.65,0.6824756138580559,0.6768780959408984,0.6391376800834796,0.6521742553170323
0.1,0.1,0.1,0.7,0.6824756138580559,0.676649994685611,0.6393589162724689,0.6519052047218984
0.1,0.15,0.05,0.7,0.6821392532795156,0.6757740642842152,0.6398364311910838,0.6518730349642078
0.1,0.1,0.15,0.65,0.682811974436596,0.6760550634114009,0.6392105825048455,0.651850241744726
0.15,0.05,0.1,0.7,0.6818028927009755,0.6757763571462982,0.639545918407513,0.6517800662782844
0.15,0.1,0.05,0.7,0.6821392532795156,0.6752819545528145,0.6397170220526396,0.6515598510708265
0.1,0.05,0.15,0.7,0.6824756138580559,0.6762292014087087,0.6387448751884371,0.6514581967658563
0.05,0.1,0.15,0.7,0.6824756138580559,0.6767544825486642,0.6381269149295766,0.6512033017287507
0.05,0.2,0.05,0.7,0.6821392532795156,0.6747595251612085,0.6391587663630014,0.6510815686627542
0.05,0.25,0.05,0.65,0.6821392532795156,0.6735234888957045,0.6393417992454964,0.6509219985457442
0.05,0.75,0.15,0.05,0.6848301379078372,0.6466277107405943,0.6576565381841696,0.6508904820087847
0.05,0.3,0.05,0.6,0.6821392532795156,0.6703605490840354,0.6401907394315878,0.6506405948352579
0.05,0.05,0.15,0.75,0.6797847292297343,0.6783540680488173,0.6365881291030513,0.6506090886829615
0.1,0.75,0.1,0.05,0.6831483350151363,0.6457724829557288,0.6583579899295476,0.6504593477567266
0.05,0.05,0.2,0.7,0.6791120080726539,0.6745603626369552,0.6355219219805197,0.6488305091898922
0.05,0.1,0.1,0.75,0.6784392869155735,0.6737308478494646,0.6347366556161996,0.6477833238423227
0.1,0.05,0.1,0.75,0.6784392869155735,0.6729803303671422,0.634698158961661,0.647498367585595
0.15,0.75,0.05,0.05,0.6794483686511941,0.6420794972307324,0.6559052499229426,0.6470657170647828
0.1,0.75,0.05,0.1,0.6787756474941137,0.6424506312963784,0.6546041436983515,0.646870872810535
0.05,0.75,0.05,0.15,0.6797847292297343,0.6434355286776259,0.6524091024556895,0.6466594981497119
0.05,0.8,0.1,0.05,0.6787756474941137,0.6413845311122014,0.6546560099179163,0.646218063960124
0.15,0.05,0.05,0.75,0.6774302051799529,0.6708684687374523,0.6337590776920693,0.6460309285461071
0.05,0.15,0.05,0.75,0.6764211234443324,0.6708194009159341,0.6335573658197823,0.6458121179794294
0.1,0.1,0.05,0.75,0.6767574840228725,0.6705024285037354,0.6331356362955606,0.645409878469462
0.05,0.05,0.1,0.8,0.6754120417087117,0.6698730366472812,0.6321275717794316,0.6446513080064481
0.1,0.05,0.05,0.8,0.6754120417087117,0.6694118666657136,0.631846337673176,0.6440217855353174
0.05,0.1,0.05,0.8,0.6740665993945509,0.6696578220739302,0.6314098984117115,0.6438103503438244
0.05,0.05,0.05,0.85,0.6730575176589304,0.6681432073673452,0.6292042383195177,0.6418110797272569
0.05,0.8,0.05,0.1,0.6740665993945509,0.6371076264599255,0.6500188177338011,0.6416656683565667
0.1,0.8,0.05,0.05,0.6727211570803902,0.6351045275258075,0.6490068340428434,0.6399830149440157
0.05,0.85,0.05,0.05,0.6686848301379078,0.630423856771877,0.6464270182610193,0.6357919679051103
